# -*- coding: utf-8 -*-

# Resource object code
#
# Created by: The Resource Compiler for PyQt5 (Qt v5.15.2)
#
# WARNING! All changes made in this file will be lost!

from PyQt5 import QtCore

qt_resource_data = b"\
\x00\x00\x03\x3d\
\x89\
\x50\x4e\x47\x0d\x0a\x1a\x0a\x00\x00\x00\x0d\x49\x48\x44\x52\x00\
\x00\x00\x32\x00\x00\x00\x32\x08\x06\x00\x00\x00\x1e\x3f\x88\xb1\
\x00\x00\x00\x01\x73\x52\x47\x42\x00\xae\xce\x1c\xe9\x00\x00\x00\
\x04\x67\x41\x4d\x41\x00\x00\xb1\x8f\x0b\xfc\x61\x05\x00\x00\x00\
\x09\x70\x48\x59\x73\x00\x00\x76\x1c\x00\x00\x76\x1c\x01\xa7\xc2\
\x78\xea\x00\x00\x02\xd2\x49\x44\x41\x54\x68\x43\xed\x9a\x4d\x88\
\x8d\x51\x18\xc7\x7f\x46\x3e\x8a\xe4\x2b\x22\x9b\x61\x8c\xb0\x51\
\xa6\x2c\xa4\x0c\x62\x16\x64\xc8\xc2\xc7\x6e\x1a\x3b\x45\x56\x36\
\x42\xc9\xc2\xc6\x4a\x59\x28\x5b\x1b\xd9\x51\x28\xc9\x60\x42\x91\
\xa5\x51\x13\xb2\xc1\xf8\x98\xa2\x6b\xe6\x8e\xb1\x79\x6e\x3d\xfd\
\xef\x79\xef\xbc\xf7\xfd\xc8\xa1\xfb\xab\xa7\x4e\xcf\xf3\x7f\xcf\
\x79\xff\xf7\xbe\xe7\xdc\xf7\x9c\x2e\xfc\x27\x4c\xd3\x84\x63\x35\
\xb0\x1d\x98\xad\x85\x02\x98\x04\xde\x02\xb7\x80\x31\x2d\x16\xc9\
\x51\xa0\x6a\x03\x96\x19\x2f\x80\x05\x3a\x78\x51\x2c\x05\x2a\x81\
\x41\xcb\x8a\x4b\x7a\x03\x59\x68\xd3\x04\xd0\x05\xcc\xd2\x64\x89\
\x6c\xd6\x44\x16\x42\x46\x66\x68\xa2\x64\x0a\x19\x2f\x64\xe4\x9f\
\xa4\x65\x24\x36\x5a\x46\x62\xa3\x65\x24\x36\x5a\x46\x62\xa3\x65\
\x24\x36\x5a\x46\x62\x23\x06\x23\xa3\x9a\xc8\xc2\xdf\x34\xf2\x08\
\xe8\x01\xba\xb5\x50\x14\xbd\x81\x5d\x5c\x2d\x3e\x03\xc7\x6d\x3f\
\xdf\x0e\xf4\xd9\xde\x5b\x75\x8d\x62\x1c\x38\x21\xe7\x05\x6d\xc0\
\x12\x60\x05\x30\xd3\xe5\x73\x91\x64\xe4\x0b\xd0\xa9\x62\xdb\x1a\
\x0f\x07\xf4\xa1\xa8\x02\x07\xdc\xb5\x2b\x81\x2b\xc0\x27\xa7\xa9\
\x00\xb7\x81\x9d\x4e\x97\x89\x24\x23\xa7\x54\xe8\x38\x18\xd0\x87\
\xe2\xac\xbb\xe6\x08\xf0\x33\xa0\xf1\x71\x35\xcf\x0e\x32\xc9\xc8\
\x46\x15\x3a\x16\x07\xf4\x1a\x43\xee\xa6\xf6\x01\x13\x01\x4d\x28\
\xae\xc9\x58\xa9\x49\x32\xd2\xa5\x42\x47\x1a\x23\xc7\x4c\x3b\xdf\
\xe6\x5a\x2d\xff\xd1\xe6\xda\x42\x3b\xf4\xe8\x06\x1e\xcb\xb5\xbb\
\x65\xbc\x54\x24\x19\x69\xf4\x68\x1d\x0a\xe8\x7d\xfc\x06\x96\x99\
\xf6\xa4\xcb\x7f\x07\xd6\x48\x5f\x98\xa1\x87\x4e\xf7\x40\x05\x69\
\x48\x32\xf2\x35\x61\xd0\x34\x93\xfd\xbd\xd3\xdf\x71\xf9\x0b\x2e\
\xaf\x6c\x72\xba\x2a\x30\x57\x05\x53\x91\x64\x64\x12\x18\xb1\xe5\
\xb7\xd3\x56\x9c\x3e\xe0\x5d\x40\xa7\xf1\xcc\xf5\xff\xda\xe5\x7b\
\x5c\x5e\x99\x2e\x07\x85\xeb\x55\x30\x15\x8d\x8c\x64\x89\x09\xe0\
\x9c\xeb\xdf\x7f\x7b\x5b\x5d\x3e\xc4\x0f\xa7\xdd\xa0\x45\x4f\xd9\
\xbf\xec\xe3\xc0\x7e\xe0\x8c\x16\x8a\x26\x74\x1a\xdf\x0b\xdc\xd4\
\x64\x46\x4e\x03\xe7\xad\xbd\x0b\xe8\xb7\x15\xa8\x76\xc2\xff\x12\
\xf8\xe6\xf4\xca\x16\x7b\xc4\x00\x06\x80\x1b\xc0\x65\xfb\x80\xa6\
\xa4\xa8\x47\x6b\x14\x98\x63\x7d\x1e\xb6\x95\x4b\x35\x59\xe2\xba\
\xdc\x6f\x22\x45\x19\xb9\xeb\xfa\x1c\x0a\xd4\xf3\x44\xdd\xc4\x2f\
\x73\x8e\x8c\xb8\xf6\x2a\xd7\x2e\x82\x0e\x4d\x94\x69\x64\xd2\xb5\
\x43\x73\x31\x0f\x75\xfd\x95\x69\xa4\x59\x86\x81\xa7\x9a\x4c\x4b\
\x2c\x46\x5e\x01\x6b\xed\xd7\xfc\xa2\x16\xd3\x10\x8b\x91\x27\xc0\
\x2f\x6b\xdf\x97\x5a\x2a\x62\x31\xe2\xe7\x53\x26\x62\x31\x92\x9b\
\x58\x8c\xf8\x7d\x7a\xa6\x3d\x7b\x2c\x46\xf6\xda\x44\x5f\x6e\x6f\
\xd7\x4d\x13\x8b\x91\x45\xc0\x20\xf0\x01\xd8\xa6\xc5\x34\xc4\x62\
\x24\x37\x21\x23\xa9\xde\x2c\x53\x50\x7b\x6b\xa5\xc0\x3e\x6b\xd4\
\xf5\x17\x32\xf2\xdc\xad\xe9\x79\x68\x77\xed\x01\xd7\xce\x4b\x45\
\x76\x9c\x0d\xe9\x37\xd7\xfa\xd6\xd9\x4c\x54\x9d\x99\x75\xf6\xfc\
\xab\xa6\xd9\x18\xb3\x7b\xab\xa3\xee\xe5\xcb\xd1\x01\xec\xc8\xf9\
\x37\xa7\x41\x0b\x80\x79\xc0\x1e\x3b\x3a\x6a\x34\x6e\x12\x15\xe0\
\x1e\xf0\x46\x0b\xff\x15\x7f\x00\xb5\xbb\xa1\x8f\x5c\x9a\x21\xd3\
\x00\x00\x00\x00\x49\x45\x4e\x44\xae\x42\x60\x82\
\x00\x00\x14\x67\
\x89\
\x50\x4e\x47\x0d\x0a\x1a\x0a\x00\x00\x00\x0d\x49\x48\x44\x52\x00\
\x00\x00\x80\x00\x00\x00\x80\x08\x06\x00\x00\x00\xc3\x3e\x61\xcb\
\x00\x00\x00\x01\x73\x52\x47\x42\x00\xae\xce\x1c\xe9\x00\x00\x00\
\x04\x67\x41\x4d\x41\x00\x00\xb1\x8f\x0b\xfc\x61\x05\x00\x00\x00\
\x09\x70\x48\x59\x73\x00\x00\x10\x64\x00\x00\x10\x64\x01\x03\x69\
\xca\xf5\x00\x00\x13\xfc\x49\x44\x41\x54\x78\x5e\xed\x9d\x79\x98\
\x5c\x55\x99\xc6\xdf\xf7\x56\x55\xba\x09\x49\x7a\x49\x42\x48\xec\
\xae\x5b\x5b\x92\xa6\x0d\xf8\x48\x8f\x80\x8a\x36\xa0\x22\xb8\x8c\
\x3b\x22\x2a\xcf\x00\x3a\x0e\xb8\x0c\xcf\xa0\x0c\xcb\x28\xbb\x19\
\x74\x1c\x16\x15\x09\x66\x64\x54\x40\x01\x7d\x74\x70\x61\x70\x8c\
\x18\x05\x54\x9e\x89\xdb\x60\x07\x92\xda\x6e\x75\x4b\xc4\x2c\xd5\
\x15\x42\x92\xee\xae\xba\xdf\xfc\x51\xe9\xee\x73\x4e\xba\x49\xa7\
\xbb\xab\xee\xbd\x95\xfe\xfd\xc5\xf9\xbe\x13\xba\xea\xde\xb7\xce\
\x3d\xf7\x9c\xef\x7c\x1f\x71\x84\x92\xb4\xed\xb3\x04\xb8\x8b\x60\
\x19\x90\x8b\x32\x8e\xf3\xa8\xd9\xe7\x48\xc0\x32\x0d\x47\x0c\xc2\
\xbb\x09\x76\x02\x88\x0b\xb8\xde\x74\x1f\x29\x1c\x91\x02\xb0\x6d\
\xbb\x19\xc4\xb1\xa3\x6d\x02\x31\xbd\xc7\x91\xc3\x11\x29\x80\x39\
\xc6\x99\x13\xc0\x11\xce\x9c\x00\x8e\x70\xe6\x04\x70\x84\x33\x27\
\x80\x23\x9c\x39\x01\x1c\xe1\x78\x29\x00\x2b\x69\xdb\xd7\x25\xa2\
\xb1\xdf\x26\xa3\xb1\x5b\x7a\x7a\x7a\x22\x66\x87\x46\xc7\xb6\xed\
\xe6\x64\x47\x32\x55\x7d\x13\xf5\x06\xcf\x04\x90\xec\x8c\xbd\x1b\
\xe0\x67\x48\xbc\x1c\xc4\xa5\x83\x3b\x76\xdc\x68\xf6\x69\x64\x12\
\x89\xc4\xca\x10\x98\x46\xa8\xb2\x35\x11\x8d\x6d\xb0\x6d\xbb\xd9\
\xec\x53\x0f\x3c\x13\x00\x88\x65\x6a\x53\xc0\x7f\x4a\xd9\xf6\xcb\
\x55\x5b\x03\x13\x42\xb9\xf2\x4d\x02\x2f\x01\x00\x12\xa7\x5b\x62\
\xbd\xde\xec\x54\x0f\x3c\x13\x40\x99\xf2\xa0\x88\xec\x1e\x6d\x13\
\x08\xbb\xe0\xfa\x5e\x20\xac\xf7\x6c\x3c\x12\xd1\xd8\x65\x24\x4f\
\x56\x4c\xae\x25\xe5\x9c\xd2\xae\x1b\x9e\x09\xc0\x71\x9c\xbf\x08\
\x71\x85\x6a\x23\x70\xe2\x40\x34\x76\xa9\x6a\x6b\x34\x56\xda\xf6\
\x71\x04\xae\xd3\xad\xf2\xc5\x4c\x7f\xff\x9f\x74\x5b\x7d\xf0\x4c\
\x00\x00\x90\x73\x9c\x75\x00\x1e\xd7\x8c\xc4\x75\x2b\xa3\xd1\x84\
\x66\x6b\x1c\x42\x15\xc1\xdd\x20\xc6\x9e\xf7\x02\x49\xef\x1d\x1e\
\xbe\x4a\xef\x56\x3f\x3c\x15\x00\x00\xd7\x82\x7c\x58\x44\x86\x14\
\xdb\x7c\x97\x5c\x57\xcb\x99\x71\x24\x12\x11\xc3\x64\xb6\x6b\xc2\
\x44\x43\xbf\xb8\xd6\x85\xdb\xb6\x6d\xdb\xab\xd8\xea\x8a\xd7\x02\
\xc0\x56\xc7\xd9\x0c\x70\xad\x6e\xe5\xeb\x13\xb1\xd8\xf9\xba\x6d\
\xf6\x48\xa7\xd3\x43\x10\xf9\xc3\xb8\x45\x7e\xab\xfa\x6b\xc1\x64\
\x43\x7f\xae\x3f\xf7\x4b\xdd\x56\x5f\x3c\x17\x00\x00\x34\x2f\x98\
\xbf\x56\x80\x3e\xd5\x46\xc1\x17\x12\x89\xc4\x31\xaa\x6d\x36\xa1\
\xb8\xef\x02\x70\x2f\x80\x7b\xe9\xba\xef\x33\xfd\xb3\x8c\xef\x86\
\xfe\x51\x6a\x36\xcc\x1e\x2e\xc9\x68\xf4\x55\xa0\xf5\x4b\x4d\x94\
\x82\x6f\x67\x0a\xf9\x5a\xdf\x9c\x9a\x93\x88\xc6\x2e\x27\x71\xb3\
\x62\x72\x5d\x97\xa7\x79\xfd\xeb\x07\x80\x90\x69\xf0\x8a\x62\xa9\
\xd4\xdf\xd6\xda\x7a\x0c\x81\x93\xc6\x8c\xc4\x9a\xd6\x96\x45\xff\
\x3b\x58\x2a\x6d\xd5\x3a\x07\x88\x95\xb6\x7d\x1c\xc0\x6f\x83\xea\
\xeb\xad\xdc\x9e\x2d\xe4\xef\x52\xfb\x79\x85\x2f\x1e\x01\xa3\x58\
\x91\xf0\x55\x02\x19\xd0\x6c\xe0\x1d\xab\x57\xaf\x5e\xa8\xda\x02\
\x84\x6f\x87\xfe\x51\x7c\x25\x80\x74\x3a\xbd\xdb\xb2\xac\x4b\x34\
\x23\x19\x1d\xd9\xbf\xff\x33\x9a\x2d\x20\xf8\x71\xd6\x6f\xe2\x2b\
\x01\x00\x40\x3a\x97\xfb\x81\x40\x1e\xd0\xad\x7c\x97\xde\xf6\x3f\
\x1d\x1d\x1d\xed\x24\x0c\xe1\x7a\x3f\xeb\x37\xf1\x9d\x00\x00\xa0\
\x02\xfc\x23\x80\x5d\xa3\x6d\x0a\x36\xeb\x3d\xfc\x4f\x28\x14\x3a\
\x06\xc0\xd1\xa3\x6d\xbf\x0d\xfd\xa3\xf8\x66\x12\xa8\x52\x2a\x95\
\xf6\xb4\xb6\xb7\xfd\x1c\x2e\x96\x82\xf2\x98\x35\x2f\xf2\xf1\x5d\
\xbb\x76\xf9\x66\xd8\x9c\x0a\xa5\x52\x69\x47\x7b\x6b\xeb\xf1\x00\
\xba\x05\xd8\x43\xe0\x9d\x85\x81\x01\x4f\xd6\xfb\xe7\xf0\x90\x54\
\x34\xda\xdd\xd1\xd1\xd1\x6e\xda\xe7\x98\xc3\x17\xf8\x66\x21\xa8\
\x1e\xa4\x52\xa9\x45\xee\x90\xbb\x8a\x56\x65\x09\xc5\x5a\x58\xa1\
\xbb\xd0\x12\xcb\x82\x25\xcf\x8b\xc8\xf3\x04\x8a\x8c\x44\xd2\xe9\
\x74\x7a\xbb\xf9\x6f\x1b\x95\x86\x15\x40\x6f\x6f\x6f\x78\x20\x9f\
\x7f\x85\x08\x5f\x47\x4a\xaf\x80\xdd\x04\x56\x98\xfd\x26\x61\x17\
\x80\xcd\x80\x3c\x4e\x72\xc3\x0b\x43\x43\x8f\xf9\xe9\xd5\x6d\x36\
\x69\x34\x01\x30\x15\x8b\xbd\x56\x5c\x9c\x0f\xc8\xbb\x40\xb6\x98\
\x1d\xa6\x43\x75\xb7\x92\x0f\x83\xf2\xcd\xe6\xa3\x8f\xfe\x61\x5f\
\x5f\xdf\xb0\xd9\x27\xa8\x1c\x96\x00\xba\x56\xac\x58\x3c\x12\x9a\
\xf7\x66\x81\x95\xcd\xf6\x67\x1f\x33\xfd\x5e\x61\xdb\x76\x73\x58\
\xe4\x22\xa1\x75\x19\x81\xb8\xe9\x9f\x4d\x04\xd8\x49\xf0\x2b\x91\
\x91\xa1\x5b\x9f\x7e\xf6\xd9\x9d\xa6\xdf\x2b\xe2\x1d\xf1\x57\x30\
\xe4\xbe\xb4\x2c\xf2\x48\xa1\x50\xd8\x66\xfa\x27\x63\xca\x02\x48\
\xa5\x52\x8b\xdc\xe1\x91\xa7\x48\x76\xa2\xfa\xab\xd8\x18\x0a\x59\
\x97\x6f\xcd\xe5\x9e\x34\xfb\xd6\x8b\x9e\x9e\x9e\x48\x69\xc7\x8e\
\x8f\x0a\x78\x39\x80\xe5\xa6\xdf\xc0\x85\x48\xbf\x10\x5b\x28\xfc\
\xb3\x50\x9e\x87\x70\x0f\x00\x80\xb2\x90\x82\x85\x20\x5f\x22\x22\
\xab\x49\x76\x1c\xea\xda\x08\xb0\x07\x90\x3b\x2b\xc0\x4d\x8e\xe3\
\x0c\x9a\xfe\x7a\x11\x8b\xc5\x5e\x16\x72\xb1\x16\xc4\xd9\xa8\x7e\
\xae\x1d\x62\x71\x4d\x2e\x97\x7b\xce\xec\x3b\x11\x2f\xfa\x25\x55\
\xe2\xd1\xe8\x9b\x2d\x5a\x3f\x34\xcc\x22\x90\x07\x59\x09\x5f\x9d\
\x19\xc8\xa4\x0d\x5f\x4d\x49\xda\xf6\x69\x02\x7e\x99\x40\xb7\xe9\
\x3b\x80\x08\xf0\x2b\x42\x36\x00\xf8\xd9\xde\xe1\xe1\x27\xa7\xfa\
\x1c\x3f\x61\xd9\xb2\xa3\xf7\x34\x35\x9d\x02\x58\x67\x10\xf2\x3a\
\x90\x27\x4d\x7a\xad\x44\x9e\x03\xf8\xa9\x4c\x21\x7f\x4f\xf5\xfa\
\xd7\x07\xdb\xb6\x63\x21\xe0\x7a\x82\xef\x3f\x68\x41\x8f\x78\x7b\
\x26\x9f\xff\x2f\xcd\x36\x09\x13\x7f\xa9\x09\x48\x26\x93\x9d\x28\
\x57\x36\xab\xab\x5b\xa3\x88\xc8\x08\x88\x75\x08\x85\x6e\xc8\x66\
\xb3\x7f\x35\xfd\xb3\x49\x47\x47\xc7\x51\xf3\x42\xa1\xdb\x08\x7e\
\x68\xa2\xcf\x2f\x40\x86\x90\xbb\x2b\xe4\x3d\xf9\x7c\xde\x31\xfd\
\xd3\x21\xd5\xd9\x99\x74\x19\xfa\x00\x21\x17\x80\xb4\x4d\xff\x01\
\x36\x8c\x88\xfb\xc1\xc3\x19\x7e\xa7\xc3\xaa\xe5\xab\x96\x54\x22\
\xc3\x57\x0b\xe4\x62\x92\x4d\xa6\x1f\xc0\x3e\x84\x43\xab\x33\x99\
\x4c\xbf\xe9\x98\x88\x83\x2e\xe0\x8b\x91\xe8\x48\xac\x61\xc8\xbd\
\x0d\xc0\x19\xa6\x0f\x55\x21\xec\x06\xf8\xf9\x05\x43\xfb\x6e\xf9\
\xe3\x73\xcf\xbd\x60\xfa\x67\xca\x2a\xdb\xee\xaa\x00\x0f\x00\x3c\
\xde\xf4\x01\xf2\x94\x00\x9f\xcd\x3a\xce\x03\xd5\xd5\xe4\xd9\xa7\
\xa7\xa7\x27\x52\xdc\xb9\xf3\x3c\xba\xb8\x02\x44\x97\xe9\x87\xc8\
\x73\x2e\xac\x0f\xe4\x0a\xb9\x9f\x9a\xae\x99\xb2\x6c\xd9\xb2\xa3\
\x17\x34\x37\x5f\x0a\xc1\xa7\x26\x9b\xdc\x0a\xf0\x04\xc5\xfd\x44\
\xa6\x50\xd8\x64\xfa\x26\xe3\xb0\x04\x30\x4a\xc2\xb6\xcf\x26\xf0\
\xaf\x00\x4f\x30\x7d\x07\xd8\x06\xc1\xb5\x1d\x05\xfb\x6b\x1b\xb1\
\xb1\x6c\x3a\xa7\x43\xaa\x33\x76\xa6\x6b\xc9\x77\x08\x6a\x5b\xc3\
\x02\xec\xa4\xe0\xaa\x4c\x21\xbf\x1e\x80\xab\xfa\x6a\x48\x28\x19\
\x8d\x5e\x0c\x58\x37\x80\x68\x35\x7c\x2e\x04\x97\x66\x0a\xf9\x2f\
\x1a\xf6\x69\xd1\xdb\xdb\x1b\xee\x77\x9c\x8b\x28\xb8\x66\xb2\x79\
\x8e\x08\x36\x93\x72\x55\xc6\x71\xbe\x6f\xfa\x0e\xc5\xb4\x04\x70\
\x00\x2b\x61\xdb\xe7\x43\x70\xfd\xe8\xc4\xd0\x44\x04\x9b\x69\xe1\
\xca\xa9\x3e\x8f\x26\x23\x61\xdb\xe7\x42\xf0\x75\x92\xf3\x54\xbb\
\x88\xdc\x1f\x1e\x19\xfe\xd8\x96\x6d\xdb\x76\xa8\xf6\xa9\x90\xb0\
\xed\xb3\x01\xac\x83\x60\x19\xc8\x3d\x04\x4a\x00\xb2\x10\x3c\x03\
\xe0\xf7\x70\x43\x8f\x1e\x6a\x5e\x13\x8f\xc7\x97\xb1\x22\x77\x92\
\x78\xbb\xe9\x13\xc1\x4d\xd9\x42\xfe\xd3\x33\x98\x17\x30\x1e\x8d\
\xbe\xd3\x02\x6f\x02\xb9\xda\x74\xa2\xfa\x3f\xfe\x33\x85\xd7\x76\
\x14\x72\xff\xb9\x11\x98\xd6\x0f\x6d\x26\x02\x00\x46\x9f\xc9\x56\
\xf8\xe3\x04\xae\x9c\xe0\xd7\x00\x54\x2f\xc6\xa3\xf3\xca\xc3\xef\
\x99\xce\x6b\x53\xc2\xb6\xff\x8e\xe0\x7f\x18\xa1\x62\xfb\xc5\xc2\
\xa5\xd9\x7c\x7e\x9d\xd6\x79\xea\x30\x19\x8d\x3d\xab\xa6\x89\x99\
\x10\x41\x1e\x94\xfb\xe1\xba\xdf\x7c\x91\xb8\x7d\x26\x62\xb1\x4f\
\xc0\x95\xcf\x99\x02\x05\xe4\xb6\x8c\xe3\x1c\xf6\x39\x87\x78\x3c\
\xbe\xcc\x72\xe5\xbb\x00\x5e\x6d\xfa\x00\x00\x82\x41\x52\x6e\x7e\
\x61\x78\xf8\xf6\xa9\x4e\x6c\x27\x63\xc6\xbb\x81\xbb\x77\xef\x2e\
\x17\x4b\x83\x8f\x2f\x5f\xb8\xe0\xab\x65\x5a\x11\x40\x4e\x24\xa9\
\x9d\xee\x21\x11\xaf\x58\xa1\x91\x62\x69\xf0\x67\xaa\xfd\x50\xa4\
\x3a\xe3\x6f\x15\xe2\x5e\x2a\x9f\x53\x20\x3b\x24\x64\xbd\x21\x97\
\xcf\x3f\xa4\xf7\x3e\x2c\xd8\xde\xd2\xf2\x49\x90\x0b\x4c\x87\x06\
\xd1\x0a\xf0\x54\xd0\xba\xa4\xad\xa5\xb5\xb7\xad\x65\x51\x7f\xb1\
\x54\x3a\x68\x47\xaf\x38\x38\xf8\x9b\xd6\xf6\xf6\x8d\x74\xf1\x0e\
\x35\xfa\x07\xe0\x29\xed\xad\x2d\xe5\x62\xa9\x74\x58\x31\x00\x8b\
\x17\xb5\xde\x00\xe2\x1c\xd3\x0e\xc1\x7e\x01\x6e\x9b\x57\x1e\x3e\
\x67\xcb\xc0\xc0\xff\xec\xd9\xb3\x67\xc4\xec\x72\xb8\xcc\x5a\x3c\
\x40\xdf\xc0\xc0\xae\x6c\x21\x7f\x59\x85\xe8\x92\x6a\xb4\xad\xfe\
\x3c\xa6\x2c\xd2\xda\x87\x20\x65\xdb\xa7\x88\x25\xf7\x53\x3d\x2a\
\x26\xe2\xb8\xe4\xa9\xb9\x99\xaf\x3d\x08\xc5\xfa\x30\x04\x7f\x31\
\x1d\x93\x41\xe2\x74\xd2\xda\x90\xb4\x63\x1b\xaa\x71\x7e\x3a\xb9\
\x5c\xee\x97\xae\xcb\xd7\x0a\xf0\x67\xdd\xc3\x1b\x12\xb6\x7d\x81\
\x6e\x7b\x71\x84\x30\xaf\x95\x0b\xc8\xd7\x2b\x16\xba\xb2\x85\xfc\
\x27\xa7\x33\x92\x4e\xc6\x8c\x1f\x01\x93\x91\x8c\x46\x4f\x14\x70\
\x2d\xc9\x37\x08\x90\x13\x8b\x67\xe7\x72\xb9\x2d\x66\xbf\x89\xe8\
\x5a\xb1\x62\xf1\x70\x38\xf2\x3b\x63\x6e\xb1\xcd\x12\xf7\xd4\xad\
\x85\x42\x56\xb1\xcd\x98\xd5\xab\x57\x2f\xdc\xb7\x6f\xdf\x82\x50\
\x28\xb4\x34\x54\xc1\x6a\xa1\x7b\x3c\x80\xd3\x45\x70\x32\xc9\x09\
\x8f\xac\x8b\xc8\x30\x89\xb5\x19\xc7\xb9\xc1\x7c\xe3\x88\xc5\x62\
\xab\x2d\xc1\x63\x04\x96\x8c\xff\x03\xec\xb7\x28\xaf\xdc\xea\x38\
\xbf\x57\xfb\x4e\x46\xa2\xa3\x63\x0d\xac\xd0\x8f\x0f\x2c\x48\xfd\
\xd8\xb5\x78\x65\x2e\x97\xfb\x3f\xb3\xdf\x6c\x50\x33\x01\x8c\xd2\
\xbd\xb4\x7b\x41\xdf\xf6\xbe\xbd\x07\x8d\x08\x93\xc3\xa4\x6d\x3f\
\x04\xf0\x2d\x63\x16\x91\x52\xc5\x62\x6f\x3e\x9f\x57\x0e\x73\xd4\
\x16\xdb\xb6\x5b\xc3\xc2\x73\x00\xb9\xe8\xc0\x42\xd0\x41\x88\xe0\
\xe7\x65\xb8\xe7\x99\xef\xfe\x2b\x63\xb1\x93\x5d\xc1\x06\x6d\xcd\
\x44\x64\x4b\xf8\xa8\xe6\xbf\x79\xe6\x99\x67\x9e\x57\xfb\xbe\x08\
\x56\xf7\xd2\xa5\xf3\xfb\xb6\x6f\xaf\xae\x56\xd6\x88\x9a\x0b\xe0\
\x70\x49\xc4\x62\x1f\xa1\xe0\x4e\xc5\x24\x74\xf9\xb6\x74\x7f\xee\
\x07\x8a\xad\xae\x24\xa2\xd1\x33\x40\xeb\x06\x02\xaf\x32\x7d\x10\
\x71\xca\xc4\x59\x8e\xe3\x3c\xad\x9a\x13\xb6\x7d\x2e\xc1\x6f\xa9\
\x36\x81\xdc\x95\x75\x9c\x8f\xa8\x36\xaf\xf1\x95\x00\x52\xa9\xd4\
\x52\x19\x29\x3f\x0d\x60\x2c\x82\x46\x04\xff\x9e\x2d\xe4\x2f\xd3\
\x7b\x7a\x02\x0f\xbc\x91\xfc\x9b\xfa\xf9\x80\xea\xfa\xbb\x05\x39\
\x33\xed\x38\xbf\x53\xed\xc9\xa8\x7d\x27\x48\xf5\x86\xbb\x84\xbc\
\x3a\xed\x38\xbf\x56\x6c\x9e\x32\x6b\x93\xc0\xd9\x40\x86\xcb\x9f\
\x33\x2e\xee\x53\x6d\x4b\x17\x6b\x47\xc8\x3d\x44\xb2\x8e\x73\x77\
\x85\x38\x51\x04\xda\x0d\x24\xb0\x44\x04\x0f\xa7\x3a\x3b\x93\xaa\
\xbd\x4c\x5c\x0a\x88\x7a\xa8\xc5\x72\x85\x77\xcc\xc6\xdb\xd7\x6c\
\xe1\x9b\x11\x60\xa5\x6d\x1f\xe7\x82\x4f\x29\xa2\x14\x8b\x38\x6d\
\x6b\x3e\xff\x0b\xa3\xab\xe7\xa4\x52\xa9\x26\x19\x29\xdf\x03\xe0\
\xdd\xba\x47\xb6\x4a\x28\xf4\x8a\x6c\x36\x5b\x1a\xb5\x24\x63\xb1\
\x37\x42\xf0\xdf\x5a\x2f\xc8\x79\x59\xc7\xd1\x1e\x0f\x5e\xe1\x9b\
\x11\xa0\x02\x5c\xa9\x7e\x1e\x01\xee\xf3\xe3\xcd\xc7\x81\xd3\xc5\
\x19\x27\x7f\xae\x40\xbe\xa1\x7b\xb8\x12\x95\xca\x57\x55\x4b\x26\
\x9f\x7f\x04\x82\xef\xa9\x36\x02\x57\xf9\xe5\xc7\xe7\x0b\x01\x54\
\x13\x42\x50\x3d\x04\x5a\x11\x8b\xd7\x2b\x6d\x3f\x52\x69\x5b\xb2\
\xe4\x43\x10\xfc\x58\x35\x12\x7c\x8f\xf9\xde\x5f\xb1\x70\x5d\x55\
\xd3\x63\xbd\xd6\x24\x63\xb1\xbf\x55\xfb\x78\x85\x2f\x04\xe0\x92\
\x17\xe8\x0b\x3e\x78\x70\xaa\x6b\x06\x5e\xb2\x69\xd3\xa6\x11\x09\
\x5b\xe7\x09\x90\x31\x5c\x9f\xeb\x5a\xb1\x62\xf1\x68\xe3\xc0\xeb\
\xeb\x8f\xb4\x1e\x2e\xfe\x5e\x6b\x7b\x84\x1f\x04\x40\x08\x3f\xa0\
\x19\x28\xb7\xa9\x6d\x3f\x93\xcd\x66\x4b\x14\xf7\xbd\xa2\x6c\xc6\
\x10\x5c\x32\x1c\x99\x77\xad\xda\x4f\xc4\xba\x55\x6b\x13\x67\xc6\
\xe3\x71\x2d\x53\x9a\x17\x78\x2e\x80\x95\xb1\xd8\x6b\x40\x25\x5f\
\xbf\xc8\x16\x3f\xbd\x26\x4d\x85\x4c\xa1\xb0\x89\x82\x2f\xa9\x36\
\x0a\x3e\xd4\x15\x8d\x8e\x6d\xdf\x66\x0b\xd9\x47\x05\x32\x16\xa4\
\x41\x20\x5c\x87\xc4\x14\x87\xc4\x73\x01\xb8\x22\x6f\x52\xdb\x02\
\xde\xa3\xb6\x83\x82\x84\xad\x6b\xd5\xf3\x8c\x20\x9a\x47\x48\x75\
\x27\xd0\xa5\xf0\x5e\xa5\x0d\xa0\x1a\xc7\xe7\x25\x9e\x0b\x00\xc0\
\xe9\x6a\x83\x70\xb5\x49\x55\x50\xc8\x66\xb3\x25\x11\xdc\xae\x19\
\x85\xe7\xab\x79\x0f\x2b\x16\x1e\x56\xdd\x04\x4f\xed\xee\xee\x36\
\xb6\x90\xeb\x8b\xa7\x02\x48\x24\x12\x2d\x00\x7b\x14\x53\x31\x53\
\x28\x4c\x69\xc3\xc4\x8f\x84\x47\x86\xbe\x2c\x22\xe3\x67\x06\x88\
\x63\x07\x6c\x7b\x2c\x03\x68\x38\x1c\xfe\x0d\x00\x75\xff\x7e\xfe\
\xc8\xde\xbd\xa7\x28\xed\xba\xe3\xa9\x00\x42\xae\xfb\x32\x75\x55\
\x4c\x20\x8f\x99\xbb\x6b\x41\xa2\x1a\x99\x44\x6d\x04\x13\xe1\x5b\
\x47\xff\x3b\x9d\x4e\x0f\x01\xfa\x2a\x62\x45\xe4\x44\xb5\x5d\x6f\
\x3c\x15\x80\xeb\x42\x0b\x75\xa2\x70\xb2\xa8\x9b\xc0\x60\x81\xdf\
\xd5\x0c\xc4\x69\x6a\x53\x20\x46\x36\xb4\x89\xc3\xbd\xea\x85\xa7\
\x02\x10\xe8\x02\x10\xca\x33\x6a\x3b\x88\x0c\x49\x59\x8b\x7a\x22\
\x70\x9c\xba\x26\x40\xb1\xb4\xef\x68\x5e\x83\x7a\xe3\xa9\x00\x40\
\x89\xaa\x4d\x71\x2d\x73\x41\x25\x70\xf4\xf7\xf7\x3f\x2b\x80\x1a\
\x36\xc6\x91\x70\x78\xec\x26\x0b\x5d\xfd\x3b\x12\x13\x06\xd4\xd6\
\x0b\x6f\x05\x20\x7a\x88\x37\xc2\x18\xdb\x44\x09\x32\x14\x68\xb1\
\x01\x42\xae\x1a\xf7\x89\xf6\x1d\x29\x87\x17\x2a\x37\xdb\x78\x2a\
\x00\x12\x9a\x00\x22\x95\xca\x54\xa3\x65\x7c\x8d\x10\x7a\xd8\x1a\
\x39\xb6\xe2\xe7\x86\x42\xfa\x77\xa4\xf1\x23\xa8\x33\x9e\x0a\x40\
\x04\xf3\xd5\x36\xf5\xa4\xd1\xc1\x45\xf4\x91\x8c\x22\x63\xa1\x61\
\x24\xf7\xab\x3e\x00\x47\x55\xa7\x0a\xde\xe0\xa9\x00\x48\x68\xc7\
\xc7\x86\xc3\xe1\x17\x0f\xd3\x0e\x0e\xda\x69\x61\x57\xc6\x83\x4b\
\xad\x4a\xc5\xfc\x8e\x7b\xab\x73\x41\x6f\xf0\x54\x00\x10\x8c\x55\
\x0c\x01\x00\x96\xcb\x9e\x3e\x0f\x67\x0b\xd7\xc2\x4f\x94\xcd\x21\
\xb1\x28\x3f\x19\xf5\xd1\x1c\xf2\x8d\x6b\x50\x6f\xbc\x15\x00\xf4\
\x2f\x2f\x08\xb7\xa9\xed\xa0\x92\xcf\xe7\xff\x40\x71\x7b\x01\xb9\
\xd9\x15\x9e\xa9\x96\xa6\x77\x01\xe3\x3b\x8e\x97\xcd\xf1\x02\x4f\
\x05\x60\x1e\xa2\xb0\x58\x19\x9b\x2d\x07\x9d\x4c\xa1\xf0\x44\xc6\
\x71\xae\x38\xe8\xa4\xb0\x8b\x95\x5a\x9b\xd4\x72\x23\xd7\x1b\x4f\
\x05\x60\xc1\xd5\x32\x80\x0a\xac\xc9\x92\x3d\x34\x0c\x62\x1c\x2b\
\x37\xeb\x24\xd4\x1b\x4f\x05\x20\xd0\x53\xc0\x12\xb2\x46\x6d\x37\
\x24\x82\x97\xaa\x4d\x0b\xe2\x69\x1a\x5c\x6f\x05\x10\x0e\xff\x49\
\x3d\x31\x24\xc0\xc9\x27\x2c\x5b\x76\x50\x06\x92\x46\xa1\x9a\xf6\
\x5e\xd4\xdd\x4f\xb8\x5a\xe9\x9a\xfa\xe3\xa9\x00\xb2\xd9\x6c\x09\
\x22\x63\xd9\x2c\x48\x36\xed\x69\x6e\xee\xd5\x7b\x35\x0e\xe5\xbd\
\x43\xa7\xab\xe7\x0d\x45\x64\x77\xdb\xd2\xa5\x33\x3d\xe8\x3a\x23\
\x3c\x15\x00\x00\x08\x38\xf6\x8a\x54\x85\x5a\x84\x50\x43\x41\x9c\
\x65\x58\x1e\xdd\xb4\x69\xd3\x8c\x8f\x78\xcf\x04\xcf\x05\xe0\x5a\
\x30\x04\x80\x73\xbd\xaa\xa3\x5b\x4b\x52\xa9\x54\x13\x88\xf7\x6a\
\x46\xea\x07\x46\xbc\xc0\x73\x01\xe4\xf3\xf9\xc7\x8d\x60\xc9\xc5\
\x16\xf0\x4e\xbd\x57\xf0\x71\x47\x46\xde\xa1\x1d\x7b\x13\xec\x6f\
\xae\x54\x8c\xc2\x18\xf5\xc7\x73\x01\x00\xa8\x10\xb8\x5b\x35\x58\
\xa0\x5e\x36\xa6\x11\x10\xfc\x83\x61\xf9\x5e\xdf\xc0\xc0\x78\x10\
\xa9\x47\xf8\x41\x00\x28\x57\x05\xa0\xe6\x0f\x78\xf5\x81\x24\x4e\
\x0d\x41\x22\x1a\x3d\x83\xa4\x36\xb9\x15\xb8\xeb\xd5\xb6\x57\xf8\
\x42\x00\x8e\xe3\xe4\x21\x30\x32\x89\xf1\x46\x2f\x77\xc9\x66\x17\
\xeb\x46\xad\x29\xf2\x64\xb6\x50\x18\x5b\x1e\xf6\x12\x5f\x08\x00\
\x00\xdc\x10\xaf\x51\x47\x01\x02\x27\x26\xa3\xf1\x8b\xf4\x5e\xc1\
\x23\x61\xdb\xef\x23\xf1\x4a\xcd\x68\xf1\x33\xd5\x65\x0f\xef\xf1\
\xd5\x2f\x2c\x19\x8d\xdd\x07\x62\xfc\xb4\x8c\x48\x09\x91\xf0\xf1\
\x53\x4d\x7b\xea\x37\x12\x89\xc4\x31\xa8\xb8\x7f\xd2\xf2\x05\x01\
\x8f\x67\x9c\xfc\xa9\x4a\xdb\x53\x7c\x33\x02\xa0\xba\x37\xf0\x2f\
\x5a\xdc\x3c\xd9\x22\xe5\xf2\x7a\xbf\x7d\xce\x29\x42\x96\xdd\xaf\
\xa8\x37\x5f\x44\x46\x2c\xc8\xc7\xf4\x6e\xde\xe2\x9b\x4c\x15\x00\
\xb0\xab\x54\x2a\xb6\xb6\xb6\xec\x23\xf8\xc6\x51\x1b\xc1\x64\x7b\
\x6b\x4b\x73\xb1\x54\x9a\xf5\xfc\xbb\xb5\x24\x69\xdb\x57\x82\x34\
\x6e\x36\x6f\xce\x14\x9c\xfb\x74\x9b\xb7\xf8\x4a\x00\x00\x30\x58\
\x2a\x3d\xd9\xd6\xd2\x7a\x26\xb5\x68\x59\x9e\xda\xbe\xa8\x35\x57\
\xdc\x3d\xe8\xe9\xba\xf9\x54\x49\xc6\x62\x6f\x03\xb8\x4e\x7d\xc4\
\x8a\x60\x73\x85\xf2\xfe\x52\xa9\x34\xad\x94\xae\xb5\xc2\x8f\x43\
\xab\x6b\x49\xe5\x83\xda\x41\x4b\x00\x42\xf9\x6a\xc2\xb6\x7d\xbf\
\x40\x14\xef\x8c\xbf\x01\x82\xfb\xd4\x6b\x2b\x22\xcf\x5b\x70\xdf\
\xed\x38\x8e\x19\x0f\xe8\x39\x7e\x14\x00\xd2\xfd\xfd\x19\x11\xeb\
\x1c\xed\xcc\x3d\x39\x0f\xe0\xfd\x71\xdb\x3e\x4f\xef\xed\x1f\xaa\
\x45\x35\xe4\x21\x40\x0b\x76\x15\x12\xe7\xa7\x0b\x05\x4f\xf7\xfd\
\x27\xc3\x77\x8f\x80\x51\x8a\xa5\x62\xae\xbd\xa5\xad\x08\x62\x6c\
\x73\x88\x80\x45\xf0\xed\xed\x6d\xad\xbf\x2f\x0e\x0e\xfa\xea\x14\
\x51\xd2\xb6\x5f\x09\xf0\xe1\x83\x8b\x38\xc8\xd5\x19\xc7\xf1\xc5\
\xa2\xcf\x44\xf8\x56\x00\x00\x50\x2c\x0d\x3e\xd9\xde\xda\x32\x0c\
\xf0\x75\x8a\xd9\x12\x91\xb7\xb4\x2f\x5a\xf4\x50\x71\xf7\x6e\x5f\
\xd4\xf7\x4b\x24\x12\xc7\x40\xf0\x53\x92\x66\xbc\xdf\xf5\x07\xd2\
\xc9\xfa\x16\x5f\x3e\x02\x54\x32\x8e\xb3\x56\x04\x97\xab\x36\x92\
\x0b\xc1\xd0\x77\xbc\x3e\x5b\x7f\x00\xb2\xe2\x7e\x8b\x40\x87\x6a\
\x14\xc1\x4d\x19\xc7\xb9\x46\xb5\xf9\x11\x5f\x8f\x00\xa3\x14\x4b\
\x83\x4f\xb4\xb7\xb6\x94\x01\x8e\x97\xaa\x21\x96\x54\x46\x86\x4b\
\xc5\x52\xe9\x57\x5a\xe7\x3a\x13\xb7\xed\xf3\x08\x7e\x52\x33\x0a\
\x6e\xc9\x16\xf2\xff\xac\xd9\x7c\x8a\xaf\x56\x02\x0f\xc5\x44\x2b\
\x85\x43\x6e\x25\x31\xe0\xd1\xae\x5a\xb5\x5e\x21\x9e\x01\x39\x76\
\xc8\x55\x44\x1e\xc9\x16\x9c\x37\x19\x9b\x5b\xbe\xc5\xf7\x8f\x00\
\x95\x11\xb8\x1f\x85\xc8\x78\x55\x32\xb2\xa5\xc9\x0a\x5f\xa8\x75\
\xaa\x23\x21\xe0\x5c\xed\xe6\x03\x7b\x42\x6e\xe5\xa2\xa0\xdc\x7c\
\x04\x4d\x00\x85\x42\xa1\x28\xe0\x4d\x9a\x91\xb8\xc4\xab\xef\x41\
\x63\x8f\x9f\xe0\xad\x5b\x07\x06\x8c\x82\x11\xfe\xc6\x93\x0b\x37\
\x13\xf6\x8d\x0c\xad\x37\x16\x89\xe2\x89\xce\xc4\xc1\x69\xdc\x6b\
\xcc\x2a\xdb\xee\x02\x79\xf2\x68\x5b\x44\x86\x5c\x4b\x4f\x15\x17\
\x04\x02\x27\x80\x6a\x91\x24\x79\x50\xb5\xd1\xaa\xd4\x3d\xed\x6a\
\x59\xc9\xfd\x73\x80\x47\xa6\x5a\xae\xd5\x4f\x04\x4e\x00\xa8\x3e\
\x6b\xb5\xe0\x11\xf1\x26\x92\x58\xfb\x9b\x16\x64\x26\x45\xac\x3c\
\x23\x90\x02\xb0\x22\x91\x9f\x09\x64\xac\x94\x0a\x81\xee\x68\x34\
\x5a\xb7\x83\xa5\x3d\x3d\x3d\x11\x12\x6a\x19\x19\xa9\x84\x42\x66\
\x5d\xe5\x40\x10\x48\x01\xa4\xd3\xe9\x21\x08\xd4\xf2\xa8\x8c\x58\
\xd6\x84\x75\x7d\x6a\xc1\xe0\xf6\xed\xc7\xab\xeb\xfd\x02\xe4\x82\
\x38\xfc\x23\xa8\x02\x40\x75\xc6\xfd\x5b\xcd\x20\xf5\x3b\x57\x28\
\x96\xa5\xd5\x2e\x26\xa0\x7f\x96\x00\x11\x58\x01\x08\xe5\x8f\x5a\
\x1b\xa8\xdf\xd1\x72\x57\xff\x5b\x22\xa8\x49\x49\xb7\x7a\x10\x58\
\x01\x40\xa4\xa0\x36\x29\x13\xd7\x2f\xae\x09\x46\x7a\x3b\x70\xfc\
\x60\x4b\xd0\x08\xac\x00\x24\x14\x32\x12\x2b\xc8\x58\x32\xc6\x5a\
\x43\xa1\xf6\xb7\x2c\xd7\xf2\x34\xc9\xc3\x4c\x08\xac\x00\x9a\x86\
\x86\xb4\xf2\xa9\x42\xfd\xa6\xd4\x16\x5d\x6c\x2e\x58\x54\xdb\x41\
\x22\x50\x9b\x41\x2a\xdd\xdd\xdd\xf3\x86\x5e\xd8\x3b\x96\x56\xae\
\x1a\x76\x65\xd5\x25\x5a\xc8\xa5\xdc\x49\xe0\x25\xa3\xed\x10\xe4\
\xb8\x2d\x46\xe1\xc8\xa0\x10\x58\x01\xd8\xb6\xdd\x1c\x06\xf7\x99\
\x76\x2f\x90\x90\xb5\x2a\x9b\xcd\xaa\xf5\x01\x03\x43\x60\x1f\x01\
\x91\x48\xc4\x0f\xc1\x20\x00\x00\x0e\xd3\x17\xa7\x7c\xa6\x43\x60\
\x05\x90\x4e\xa7\x9f\x37\xb3\x8c\x79\x44\xb1\x69\x51\x93\xf6\x46\
\x12\x24\x02\xfb\x08\x00\x80\x78\x3c\x7e\x92\xe5\xca\x5a\x08\x56\
\x98\xbe\xba\x40\xec\x70\x85\xd7\x1d\x94\x0a\x6e\x8e\x39\xe6\x98\
\x23\x10\x04\xfa\x11\x80\x6a\x3c\xfe\x59\x22\xb8\x98\xe4\xf1\x10\
\x1c\x65\xfa\x6b\x81\x10\x7b\x29\xf8\x83\xc0\xfd\x52\xb6\x50\xd0\
\x2a\x84\x04\x8d\x40\x0b\x20\x19\x8d\xdd\x02\x42\xad\xcd\x57\x77\
\x44\xf0\xd9\x6c\x21\x7f\xb5\x69\x0f\x0a\x81\x08\x0b\x9f\x88\x84\
\x6d\x5f\x40\x72\xad\x69\xaf\x37\x24\x5e\xd3\xde\xd6\xfa\x74\x71\
\x70\x30\x90\x05\xaf\x02\xfb\x1a\x48\xc1\x95\xa6\xcd\x2b\xc4\xc5\
\x15\xa6\x2d\x28\x04\xf2\x11\x90\x4a\xa5\x96\xca\x48\x79\x3c\x3c\
\x1c\xd8\x8b\x70\xa8\xab\x5e\x99\x44\xaa\x49\x9f\xac\x0d\xaa\x6d\
\xa8\x52\x9e\x3f\x30\x30\xe0\x8b\x95\xc9\xc3\x21\x90\x02\x88\x46\
\xa3\xcb\x23\xb4\x9e\x1d\x6d\x57\xab\x75\xca\x19\x11\x11\xb5\x5a\
\x57\xcd\x28\x5b\xd6\x49\x00\xbf\xa7\xda\x9a\x8e\x9e\xbf\xb0\xaf\
\xaf\x6f\x2c\x4c\x2d\x28\x04\x52\x00\x00\x98\xb0\x63\xfd\xea\x86\
\x8c\xa7\x88\x6c\xc9\x14\x1c\x4f\xeb\xff\x4d\x97\xa0\xce\x01\x04\
\x66\xa1\x66\x4f\xe1\x17\x4c\x4b\x50\x08\xec\x5b\x40\xb1\x34\xf8\
\xeb\xb6\x96\x96\x97\x91\xd4\x0a\x30\xd4\x1f\x59\x97\x29\x38\xd7\
\x9b\xd6\xa0\x10\x58\x01\x00\x90\x62\xa9\xf4\x60\x7b\x4b\xdb\x76\
\x10\x51\x00\x8b\xeb\x36\xa2\x09\xf6\x83\xf2\x84\x2b\x72\x59\xb6\
\x50\xf8\xbc\xe9\x0e\x12\x41\x9d\x03\x4c\x44\x68\xf9\xf2\xe5\x46\
\x76\x8e\xda\xb0\x6d\xdb\xb6\xfd\x41\x3a\x00\x3a\xc7\x1c\x93\xd2\
\x48\x23\x00\x00\x58\x09\xdb\x3e\x9f\xc0\x85\x22\xe8\x02\x30\x5b\
\x23\xc2\x10\x89\xa7\x05\xf8\x5a\xd6\x71\xbe\xd1\x48\xbf\xfe\x86\
\x11\x40\x6f\x6f\x6f\x78\x20\xe7\x3c\x00\xe2\x1d\xa6\x6f\x36\x11\
\xc1\xf7\x3b\xe3\xf6\x7b\x36\x6e\xdc\xe8\xab\x7c\x7f\xd3\x25\xc8\
\x93\x40\x8d\x90\xf0\xd3\x24\x2e\x36\xed\xb3\x0d\x89\xae\x52\xb1\
\x54\x2e\x96\x06\x7f\x61\xfa\x82\x48\x43\x8c\x00\x3d\x3d\x3d\x91\
\xc1\xed\x3b\xff\x0a\xa2\x55\x31\x97\x01\x0c\x2b\xed\x99\xd0\xa4\
\xfe\x58\x04\xd8\x91\x75\xf2\xc7\x02\xa8\xe8\xdd\x82\x47\x43\x08\
\x20\xd1\x91\x58\xc3\x90\x3b\x76\x3c\x4b\x80\x67\x9b\xf7\xce\x5f\
\xdd\xb7\x7d\x76\x96\x66\x57\x2d\x5f\xbe\xa4\x32\xaf\x69\x0b\x94\
\xb2\xaf\x74\x2b\xa9\x74\x7f\x7f\x46\xef\x19\x3c\x1a\x42\x00\xf1\
\x78\xfc\x04\xcb\x55\xea\xef\x89\x94\x04\xf2\x66\x46\x22\xb3\x73\
\x62\xb7\x5c\xee\x00\xf8\x23\x2d\x03\x68\xa5\xbc\x32\x33\x30\x90\
\xd6\xfa\x05\x90\x86\x10\x40\x2a\x95\x6a\x72\x87\x47\xb6\x1f\x54\
\x99\xbb\x46\x08\xb0\xb3\xd3\xc9\x1f\xbb\x51\x49\x65\x1b\x54\xea\
\xb3\x72\x56\x63\xd2\xe9\xf4\x10\x89\x3b\x4c\x7b\xcd\x10\xdc\xde\
\x08\x37\x1f\x8d\x22\x00\x00\x60\x24\x72\x8d\x88\x98\x35\x08\x67\
\x1d\x81\x3c\xd4\x19\xb7\x3f\x6b\xda\x83\x4a\x43\x3c\x02\x46\xe9\
\xed\xed\x0d\xf7\xe7\x9c\x4b\x08\xb9\x50\x80\xae\x83\x13\x37\x4f\
\x13\xc1\x7e\x21\xfa\x04\xb2\x3e\xe7\x38\x77\x35\xc2\xec\x7f\x94\
\xff\x07\x4a\x04\x4d\x91\x7e\xf6\xd5\xb0\x00\x00\x00\x00\x49\x45\
\x4e\x44\xae\x42\x60\x82\
\x00\x00\x15\x66\
\x89\
\x50\x4e\x47\x0d\x0a\x1a\x0a\x00\x00\x00\x0d\x49\x48\x44\x52\x00\
\x00\x00\x80\x00\x00\x00\x80\x08\x06\x00\x00\x00\xc3\x3e\x61\xcb\
\x00\x00\x00\x01\x73\x52\x47\x42\x00\xae\xce\x1c\xe9\x00\x00\x00\
\x04\x67\x41\x4d\x41\x00\x00\xb1\x8f\x0b\xfc\x61\x05\x00\x00\x00\
\x09\x70\x48\x59\x73\x00\x00\x0e\xbd\x00\x00\x0e\xbd\x01\x47\xfb\
\x90\xad\x00\x00\x14\xfb\x49\x44\x41\x54\x78\x5e\xed\x9d\x7b\x74\
\x54\xd5\xbd\xc7\xbf\xbf\x73\x66\x26\xc9\x4c\x5e\x03\xbe\x80\x98\
\x33\x49\x78\x09\x54\xac\xe8\xf2\x55\x2f\x3e\xaa\xb6\x7a\x6d\xad\
\xcf\x5e\xeb\xab\xd6\xe5\xbd\xbd\xb6\xa8\xbd\xb6\x78\xb1\xd6\x27\
\xb4\xda\x52\xeb\xb2\xda\x56\x5a\xb1\x17\x56\x7d\xe0\xbb\x16\x45\
\xad\x68\x11\x7c\xe2\x0b\x45\xc0\x90\x79\x24\x80\x31\x24\xcc\x24\
\x99\x99\x64\x66\xce\xf9\xdd\x3f\x26\x93\x39\x7b\x87\x40\x80\xcc\
\x9c\x73\x42\x3e\x6b\x65\xad\xec\xdf\xde\x90\xb3\xf7\xf9\x9e\xfd\
\xf8\xed\x17\xb0\x9f\xa2\x95\x69\xe7\xd4\xf9\x02\x5b\x02\x3e\x2d\
\xac\x79\xb5\x6f\xc8\xf1\xfb\x0b\x24\x1b\xf6\x13\xa8\xce\x1b\x68\
\x03\x61\x2c\x00\x30\x38\x12\x8a\x87\x35\x39\xd1\xfe\x80\x22\x1b\
\xf6\x07\xa6\x1d\x38\xcd\x97\x7b\xf9\x00\x40\xa0\x5a\x31\xc5\xfe\
\xc3\x7e\x29\x80\x51\xf2\x8c\x0a\x60\x3f\x67\x54\x00\xfb\x39\xa3\
\x02\xd8\xcf\x19\x15\xc0\x7e\xce\xa8\x00\xf6\x73\x2c\x15\x40\x9d\
\x4f\xbb\x3e\xe0\x0d\xac\x0a\xf8\x02\xf3\x01\xa8\x72\xfc\x48\xa7\
\x06\x35\x65\xf5\xbe\xfa\x19\x56\xe6\xdd\x32\x01\xd4\xfb\x6a\x4f\
\x05\xe8\xb7\x44\xf8\x1a\x01\xf3\xea\x7c\xda\x2d\x72\x9a\x91\x8c\
\x56\xae\x4d\x75\xfb\x5c\x8d\x0c\x63\x5d\x9d\x2f\xf0\x4e\x0d\x6a\
\xca\xe4\x34\xc5\xc0\x32\x01\x30\xe8\x60\x31\x8c\xb9\x7d\x5f\xc3\
\x88\x67\x36\x66\xbb\x88\x69\x29\x80\xf1\x7d\xa6\x23\xd5\x32\xf5\
\x0c\x29\x59\x51\xb0\x4c\x00\x86\x0b\xcb\x99\xb9\x35\x17\x26\x90\
\x87\x61\x2c\xb2\xf2\x99\x8a\x45\xc4\x1b\xfa\x19\x01\xb3\xcc\x36\
\x05\xca\x56\x73\xb8\x58\x58\x56\xd8\xe1\x58\x38\x0a\xa2\x6b\x25\
\xf3\xb1\x01\x5f\xe0\x1a\xc9\x36\xa2\x68\xf0\x1d\x3a\x9d\x09\xbf\
\x30\xdb\x98\xf1\xb7\x60\x32\xf8\x8e\xd9\x56\x2c\x2c\x13\x00\x00\
\x84\xe2\xa1\xc7\x18\x78\x5e\x30\x32\xcf\xaf\x2f\xad\x1f\x91\xbe\
\xf9\xd9\x80\x4b\x87\xb2\x98\x40\x25\x39\x1b\x33\xb7\x96\xaa\xa9\
\x39\x62\xca\xe2\x61\xa9\x00\x00\x40\xd1\x95\x6b\x98\xb9\x2b\x17\
\x26\xa2\x0a\x43\x35\x1e\x10\x53\x0d\x2f\xed\x6d\xed\x2c\x99\x74\
\x29\x5c\x10\x9a\xbd\xda\x0d\x04\x3a\xda\x6c\x53\x14\xfc\x70\x43\
\xd7\xd6\x76\xb3\xad\x98\x58\x2e\x80\xa6\x9e\xa6\x08\x88\x6e\x32\
\xdb\x08\x38\x4b\xf3\x69\xdf\x35\xdb\x86\x93\x56\xb4\xc6\x99\x79\
\x93\xc9\xf4\xae\xe9\xf7\x82\xa0\x95\x6b\x87\x31\x91\x38\xd2\x61\
\x3c\xda\xd4\x1d\x7e\x5a\xb0\x15\x19\xcb\x05\x80\x6c\x53\x70\x3f\
\x80\xb7\xcc\x36\x62\xdc\x3b\xbe\x62\x7c\xff\x94\xed\x70\xa3\x92\
\x71\x2e\x03\x4f\x01\xbc\x84\x75\x14\x4c\x6c\x7d\xa8\x0a\x63\x31\
\x80\xd2\x9c\x81\x99\xbf\x74\x2b\x9e\x1f\x8b\xc9\x8a\x8f\x6d\x16\
\x84\xd4\xfb\xea\x67\x18\xd0\xd7\x12\xc8\x63\x32\x3f\x1c\x8c\x87\
\xbe\x6f\x0a\x3b\x92\x80\x37\xf0\x53\x22\xdc\x2d\x18\x89\x2e\x08\
\x76\x07\x9f\x10\x6c\x16\x60\x99\x07\x4a\x66\x47\x7a\xc7\x97\x7e\
\x4f\xb5\x07\xa0\xd9\x26\xf3\x4c\xbf\xc7\xbf\x3a\x9a\x8e\x36\x99\
\x6c\x8e\x42\x2b\xd7\xa6\x2a\xa0\xc7\x00\xb8\xfa\x8d\xcc\x8f\x07\
\xe3\xa1\xdb\x85\x84\x16\x61\x8b\x26\x20\x87\x1a\x77\xcf\x07\x63\
\x83\xc9\x44\x00\xff\x71\x1c\xc6\x79\x4d\x36\x27\xa1\x2a\x4c\x0f\
\x49\x55\x7f\x9b\xaa\xb8\x7f\x24\x26\xb3\x0e\x5b\x09\xa0\x11\x8d\
\xbd\x50\xe8\xea\xac\x63\xb0\x9f\x86\x12\x5f\x89\xd0\x49\x74\x0a\
\x75\x3e\xed\x3a\x00\xc7\x09\x46\xa2\x1f\x35\x76\x37\xb6\x09\x36\
\x0b\xb1\x95\x00\x00\x20\xd8\x1d\x5c\x05\xf0\x83\x66\x1b\x31\x9f\
\x67\x0e\x3b\x81\x71\x18\xe7\x65\x86\xd0\xeb\x67\xc6\x93\xa1\x78\
\xe8\x71\xb3\xcd\x6a\x6c\x27\x00\x00\x20\x8f\x3a\x97\xc1\x2d\xb9\
\x30\x83\x3e\x15\x53\xd8\x1f\xb5\x52\x2d\x25\x22\x5f\x2e\xcc\x8c\
\xed\x44\x64\x3b\x2f\xa7\x6d\x3a\x81\x66\x76\xf4\xec\xe8\xad\x2e\
\xf5\x2f\x27\x66\x0f\x18\xab\x0d\x37\xff\x24\xd6\x1b\xeb\x91\xd3\
\xd9\x99\xce\xde\xce\xa4\xdf\x53\xe5\x03\xe8\x78\x30\x3a\x14\x32\
\xbe\x1b\x8c\x87\xd7\xc9\xe9\x46\x19\xe1\xf4\xf9\x32\x6c\xf9\xa1\
\x8d\x32\x8a\x7d\x1c\x41\x85\xa6\x06\x35\x65\x6e\x9f\x7b\x12\x48\
\x9f\xc4\x86\x32\x86\x88\x2b\x98\xa8\x02\xd9\x4e\x66\x17\x33\x75\
\x29\x0a\xb7\x83\xd5\x4d\x4a\x5c\xf9\xbc\x11\x8d\xbd\xf2\xff\x31\
\x12\x19\xb1\x02\x98\x58\x36\xb1\x26\x43\x99\x53\x88\xf8\x14\x80\
\x4e\x04\x10\xd8\x83\x4e\xaf\xce\xcc\x4d\x20\x5a\x45\xa0\x57\x33\
\x46\x66\x65\x73\xb2\xd9\x92\xf9\xfa\x42\x33\xa2\x04\x50\x53\x59\
\x33\xc6\x63\xa8\x17\x32\xd3\x65\x00\x8e\x1d\xc6\xfc\x31\x98\x57\
\x01\xca\x12\x2a\xa1\x65\x4d\x3b\x9a\x62\x72\x02\xa7\xb2\x47\x05\
\xd4\xe0\xad\x9d\x65\x10\x5d\x68\x00\x1f\x84\xe3\xe1\x65\xc5\x9a\
\x46\xdd\x1d\xb5\x25\xb5\x75\xaa\x4b\xf9\x19\x80\x2b\xcc\x5e\xb7\
\x02\x91\x00\xf3\x5f\x14\xc3\xf5\xeb\xcd\x3d\x9b\x9b\xe5\x48\xab\
\xd0\x7c\xda\xc9\x64\xd0\x64\x26\x7e\x36\x9c\x08\x7f\x21\xc7\x0f\
\xc6\x90\x05\x10\x28\x0d\x68\xa4\x62\x3d\x80\xac\x5b\x96\xb1\x9e\
\x19\xf3\x42\xc9\xd0\xb3\x72\xda\x62\x51\xeb\xad\x1d\xa7\x92\x32\
\x9f\xc1\x97\x10\xc8\x2d\xc7\xcb\xa8\x2a\x70\xe8\x78\xc6\x21\x07\
\x31\x7c\x5e\x86\xcf\x0b\x30\x03\xf1\x04\x10\x4f\x10\xbe\xf8\x92\
\xd0\xb2\x95\xa0\x1b\xf2\xbf\x1c\x08\x83\x53\x04\x2c\x56\xc9\x7d\
\xb3\x95\x9e\xbd\xfa\xf2\xda\x13\x0c\x56\xee\x22\xe0\x84\x3e\xd3\
\xb6\xb4\x9a\x99\xd1\xd2\xd9\xd2\x21\x25\xdd\x29\x43\x17\x40\x59\
\xe0\x5b\xa4\x60\xc0\xcb\x66\xc6\x6a\x45\x31\xe6\x36\x75\x47\x56\
\xcb\x71\x05\x44\x0d\xf8\x02\xd7\x80\xf9\x76\x22\xaa\x92\x23\x73\
\x1c\x78\x00\xe3\xf8\xa3\x0c\x1c\x77\x94\x8e\x23\xbf\xc2\xd0\x6a\
\x0c\xb8\x77\x23\x93\x54\x0a\x08\x36\x2b\xf8\x60\x9d\x82\x37\xdf\
\xcb\xfe\x6c\xef\xd8\x45\x31\x31\x3a\xfa\x3e\x84\x45\x00\x86\x20\
\x9d\xe1\xa1\xb6\xbc\x76\x9a\xca\xb4\x00\xa0\x6f\xcb\x71\x60\x3a\
\x3b\x98\x08\x8a\x2b\xad\x06\x61\x17\x39\x13\xa9\xf3\xd5\x1d\xcc\
\x6c\x6c\x22\xa2\x4a\x39\x2e\x0b\x3f\xab\x13\xcf\x8b\x74\x47\xd6\
\xcb\x31\xc3\x89\x56\xa2\x05\x14\x17\x1e\x05\xe8\x18\x39\x0e\x00\
\xbc\x65\xc0\x37\x4f\xd5\xf1\x9d\x33\x33\x38\xf6\x48\x03\xca\x50\
\xbb\x7d\x83\x60\x18\xc0\x9a\x77\x15\x3c\xb5\xdc\x85\x15\x2b\x55\
\x24\x07\x73\x47\x31\xff\x2b\xcd\xfa\xc5\x2d\xc9\x96\x2d\x72\xd4\
\x70\x32\xa9\xac\x66\x42\x5a\x71\xdd\x4a\xc0\xf7\x07\xf1\x2f\x24\
\x15\x5d\x9d\x32\xd4\xe6\x69\xc8\x02\x40\x9f\xea\x14\x83\x7e\x47\
\x44\xa7\xc9\x71\x7d\xe8\x0c\x3c\xec\x36\x32\xb7\x7c\x5e\x80\x82\
\xd0\xca\xb4\x73\x14\xa2\x87\x40\xf0\xcb\x71\x55\x95\x8c\x2b\x2e\
\xd2\x71\xf9\x45\x19\x54\x57\xca\x2b\xbe\x86\x87\x8e\x28\xe1\xa1\
\x47\x5c\x58\xb2\xcc\x85\xae\x6e\x39\x36\x3b\xd3\x07\xd0\xa5\xa1\
\x44\x68\x85\x1c\xb7\xaf\x68\x55\x5a\xb5\x92\xa1\xb9\x00\xae\x05\
\x30\xd8\x1e\x82\xf7\x0d\x83\xaf\x09\x27\xc3\xc2\xe2\x9a\x5d\xb1\
\x47\x02\xc8\x51\xe7\xab\xfb\x3a\xc0\x77\x01\x38\x52\x8e\xeb\x23\
\x09\xe0\x5e\xc3\xc5\x77\x85\x63\xe1\xa8\x1c\xb9\x37\x04\xbc\x81\
\xb9\x44\xf8\xa5\xfc\xcc\xaa\x0a\x5c\x7e\x61\x06\xd7\x5d\x9d\x41\
\xb9\xaf\x30\x2f\x5e\x26\xd6\x45\x58\xf8\x07\x17\xfe\xf6\x94\x0b\
\xc6\xc0\x4a\xdf\x00\xe8\xda\x60\x3c\xf8\x7b\x39\x62\x6f\xd0\xa0\
\x95\x2a\x3e\xfc\x37\x98\xe6\x99\x0f\xb5\x90\x68\x22\xf0\xcf\x9b\
\xe2\xe1\xc7\xf6\xb4\x19\xda\x2b\x01\xf4\x41\xf5\x3e\xed\xbb\x0c\
\xba\x03\x40\x83\x1c\x09\x64\xdb\x47\x10\x2d\x30\xe2\xc6\xfd\x61\
\x84\x07\xab\x3c\x77\x07\x05\xbc\x81\x85\x44\xb8\x5e\x8e\x98\x31\
\xd5\xc0\xdd\x37\xa7\x31\x75\xd2\x1e\xe5\x19\x00\xb0\xe2\x35\x15\
\xb7\xdc\xed\x46\x47\x94\xe0\xf3\x32\x2a\xca\x81\xda\x09\x8c\x06\
\xcd\xc0\xb4\x29\x8c\xe3\x8e\xd2\x51\x3b\x61\xd7\x82\xfa\x78\xbd\
\x82\xb9\x77\xba\xb1\xb1\x71\x67\xed\x0c\xdf\x19\x8c\x87\x6f\x96\
\xad\x7b\x80\x12\xf0\x06\x2e\x21\xe2\xdb\x01\xda\xe9\xf1\x35\xcc\
\xdc\x06\xa2\x3b\xbc\x71\xef\x9f\xd6\x63\x7d\x4a\x8e\x1f\x0a\xfb\
\x22\x00\x00\xc0\x34\x4c\xf3\x24\x7c\x89\xff\x04\xf3\xcf\x89\xe8\
\x20\x39\xbe\x8f\x26\x56\x70\x66\xa8\x2b\xb4\x51\x8e\xd8\x1d\x01\
\x6f\xe0\x01\x22\xfc\xd0\x6c\x23\x00\x97\x5f\x94\xc1\x8d\x73\xd2\
\xf0\xec\xa6\x53\xb7\x33\x98\x81\x59\xa7\x97\x22\x1a\xdb\x75\xf6\
\x0f\x1d\xcf\x38\xfb\x74\x1d\xe7\x9c\x99\xc1\xc4\xc0\xce\xc5\xd0\
\xd3\x0b\xdc\xbe\xd0\x8d\x47\x9f\xc9\x2f\xf8\xc9\xc3\xbf\x09\xc6\
\xc3\x3f\x95\xad\xbb\xa3\xa1\xb4\xe1\x50\x43\xd5\x9f\x19\xac\x86\
\x65\xa0\x9b\xc0\xbf\xf5\x94\x96\xfe\x66\x63\xfb\xc6\xfe\x15\xd5\
\x7b\xc3\xce\x3a\x11\x7b\x44\x1b\xda\xf4\x68\x3a\xfa\xce\xc1\x95\
\x87\xfc\x49\xcf\x64\xd2\x0c\x9a\x45\x80\x79\x5d\x1f\x00\xf8\x61\
\xc0\x1f\x4d\x47\x9f\x92\xec\xbb\xa4\xce\xa7\xdd\x4a\x44\x37\x98\
\x6d\x6e\x37\xb0\xf0\xb6\x14\xae\xbe\x34\x03\x75\x1f\x9e\xfe\x8f\
\x7f\x75\xa1\x37\xb5\x6b\x01\x74\x76\x11\xde\xfd\x50\xc1\x92\x65\
\x2e\xac\xfd\x48\xc5\xf8\x43\x18\x35\xe3\x44\x21\xb8\x5c\xc0\xa9\
\x27\x1a\x18\x77\x30\xb0\x72\xb5\x0a\x16\xa2\xe9\xf8\x6a\x77\x75\
\x3c\x9a\x8e\xae\x31\x5b\x77\x47\x75\x49\xe5\x7d\x00\x0d\x38\xb9\
\x8c\xc1\x69\x80\x1e\x64\xe6\xf3\x43\x89\xf0\xf3\xed\xc9\xf6\xbd\
\xfa\xea\xcd\xec\x43\x11\x8a\xb4\x27\xdb\x53\xd1\x74\xec\xb5\x2a\
\x77\xd5\x62\x10\xf9\x00\x3e\x82\x40\xfd\xff\x3f\x11\xde\x8f\xa6\
\xa3\x03\x86\x91\x83\x51\xe7\xad\xbb\x0a\x84\x85\x66\x9b\xcf\x0b\
\x3c\xf8\x9b\x5e\x9c\x36\x7b\xcf\xab\x7c\x33\x44\x40\xcd\x78\xc6\
\x9a\xf7\x14\xf4\xf6\xee\x5a\x04\x39\x22\x5b\x08\x4f\x3e\xef\xc2\
\x07\xeb\x54\x1c\x31\xc3\x40\xb5\x34\xf8\x9c\x3e\x25\xdb\x74\xbc\
\xfc\xba\x8a\x8c\xc9\x3d\x46\x84\xd3\xaa\x3c\x55\x9b\x62\xe9\xd8\
\x27\xe6\xf4\xbb\xc2\xef\xf1\x5f\x0a\xe0\x30\x93\x89\xc1\xfc\x84\
\xa2\xaa\xe7\x05\xbb\x83\x4b\x62\xe9\xd8\x4e\xba\xa0\x7b\xc7\xd0\
\x72\xbf\x17\xd4\x57\xd4\x4f\x62\x5d\xbf\x83\x09\xe7\x80\xf1\xae\
\x42\xea\x79\x4d\xf1\xa6\x2f\xe5\x74\x3b\x43\xf3\x6a\x47\x28\x44\
\x6f\x9a\xbd\x7a\xa5\x25\xc0\x5f\xef\xeb\xc5\xd1\x47\xec\xdb\xcb\
\x37\xc3\x0c\x74\x75\x13\xe2\x09\xa0\x7d\x07\x21\x18\x26\x6c\xd8\
\x9c\x1d\xfb\xaf\xfb\x4c\x81\x3e\x88\x9f\xd3\xe3\x01\xe6\x5c\x95\
\xc6\x7f\x5d\x96\x19\x30\xcc\x7c\xe3\x6d\x05\x3f\xf8\x49\x09\xd2\
\xe9\xbc\x8d\x19\xdd\xac\xf0\xd1\xe1\xee\xb0\x79\xbd\xe3\xa0\xd4\
\x95\xd5\x1d\x0d\x85\x9f\x03\x70\x10\x33\x5e\x25\xa6\x79\xc1\x64\
\xb0\x20\x7b\x17\x0a\x26\x80\xbd\x65\xca\xd8\x29\x15\xbd\xc9\x9e\
\xf7\x88\x68\x72\xce\xa6\xaa\xc0\x03\x77\xa5\x70\xda\xbf\x0d\xf2\
\x46\x0a\xc0\x8e\x18\xe1\xf9\x97\x54\x3c\xfe\x9c\x8a\x4f\x37\xee\
\xac\x93\x07\x7c\xed\x18\x03\xf7\xdc\x9e\xc2\x58\xbf\xd8\x2c\xfc\
\xfd\x25\x15\xd7\xff\xc2\x23\x8c\x10\x98\xf9\xe3\x4c\x42\x3f\xb6\
\x05\x2d\x49\x73\xda\xc1\x98\x8d\xd9\xae\xb6\x03\xdb\x4a\xd7\xb7\
\xad\x1f\xb6\xaf\x7d\x67\x0c\x5b\x13\x30\x5c\x54\x50\xc5\x3d\x44\
\x62\xfb\x37\xef\xda\x34\xce\xff\xf7\xe2\xbd\x7c\x00\x28\x2b\x05\
\x66\x4e\x37\x70\xf1\xb9\x3a\xbe\xfa\x15\x46\xa8\x39\xeb\x2a\x36\
\x13\xd9\x42\x58\xf1\x9a\x8a\x93\x4f\xd0\x51\x6d\x72\x8f\x4d\x69\
\x60\x28\x04\xbc\xb9\x36\x5f\xbc\x44\x74\xb0\xea\x21\x77\x34\x1d\
\x7b\x25\x9f\x72\x70\xc2\x08\x1b\x6d\x89\xb6\x7d\x6e\xe3\x77\x87\
\xad\x6a\x80\xbe\xaa\xef\x2d\xf3\xb4\xed\x69\xb3\x75\xfc\xf1\xee\
\x14\xc8\xe2\x27\x65\x06\x1e\x7b\xd6\x85\x5f\xdd\xe7\x46\xa7\xd4\
\xef\x3e\x60\x2c\x63\xe9\xfd\x29\x4c\xae\xcf\x7f\xf2\x86\x01\x5c\
\x3e\xa7\x04\xab\xdf\xc9\xd7\x1e\x0c\x4e\xab\x30\xbe\xba\x39\xde\
\x6c\x9b\x35\x8e\x16\x17\xab\x80\x12\xf0\x69\x6f\x13\xe8\xa8\x9c\
\xe1\xc0\xb1\x8c\x97\x1e\xef\x45\x55\xc5\xce\x87\x60\x56\xd0\xbc\
\x95\x30\x67\x9e\x07\x1f\xad\x17\x9b\x85\x43\x0e\x62\x2c\xfb\x73\
\x2f\x26\x1c\x92\x7f\xd6\xb6\x76\xc2\xe9\x17\x95\x20\xd6\x69\x2a\
\x66\xe6\xd7\x83\x89\xf0\x49\x79\x83\xb5\xd8\xa6\x09\xa8\x2f\xd7\
\xce\x01\x48\x70\xf6\xcc\xff\xdf\x34\x66\x4e\x1f\xbe\x4e\xdf\x70\
\x50\x55\x01\x7c\xe7\x4c\x1d\x9b\x83\x0a\x1a\x43\x79\x11\x74\xc7\
\x09\xab\xde\x52\x71\xee\x59\x99\x7e\xdf\x84\xcf\x0b\x54\xf8\xb2\
\xc3\xc3\x7e\x88\x02\x7e\x8f\x7f\x8d\x5d\x76\x3b\xd9\x45\x00\x54\
\xe5\xf6\x2f\xa1\xfc\x91\x29\x38\x76\x96\x81\x9b\xae\x33\x75\xa5\
\x6d\x84\x4b\xcd\x4e\x38\xb5\x6c\x53\xf0\xd9\xe7\x79\x11\x74\x44\
\x09\x5b\xb6\x29\xf8\xc6\x29\xf9\xfe\xca\x8c\xa9\x06\x56\xae\x56\
\xf1\xe5\x76\xa1\x16\xd0\xa2\xe9\xd8\xc3\x79\x83\x75\xd8\x42\x00\
\x01\x6f\xe0\x0c\x22\xfc\xcc\x6c\xfb\xed\x6d\x29\x8c\x37\x55\xa7\
\x76\x83\x08\x38\xe5\x44\x1d\x9f\x6e\x54\x10\x8c\xe4\x45\xb0\x71\
\xb3\x82\xda\x1a\xc6\x61\x93\xb2\xcf\x4e\x04\x8c\x3b\x18\x78\xf6\
\x45\xa1\x16\xd0\xc6\x94\x54\xbe\xb2\x23\x15\x1b\xd2\x8c\x5d\x21\
\xd9\xf9\xf8\xa6\xc8\x10\xf8\x07\xe6\xf0\x31\x47\x1a\x38\x6a\x18\
\xc7\xfb\x85\xc2\xa5\x02\xbf\xbb\x23\x8d\x40\xad\x28\xd4\x05\xf7\
\xba\xd1\xd9\x95\xff\xe2\x4f\x3a\x5e\xc7\x8c\xa9\x62\x7e\x98\x15\
\x21\xcf\x56\x61\xb9\x00\x6a\xab\x6a\xfd\x20\x3a\xdb\x6c\xbb\xea\
\x7b\x19\x73\xd0\xd6\x94\xfb\x18\xf7\xcd\x4f\xc1\x65\x9a\x0a\x68\
\xef\x20\xdc\xbb\x48\x9c\x1b\xf8\xc1\xc5\x62\x9e\x98\xf9\xfc\x71\
\xe3\xac\xdf\xf4\x6a\xb9\x00\x94\xb4\x72\xbe\xd9\xe3\x37\xd6\xcf\
\x98\x7d\x5c\x71\xc7\xfc\xfb\xca\xf4\x29\x06\xae\xfc\x0f\xf1\x05\
\x3f\xf2\xb4\x0b\xdb\xdb\xf3\xb5\xc0\x19\x27\xe9\x28\xef\xdf\x28\
\x96\x3d\x0a\xc7\xd3\xe9\x19\xb8\x9a\xa7\xc8\x58\x2e\x00\x00\xc2\
\xf9\x78\x67\x9f\xa1\x0b\x5f\x93\x53\x98\x73\x55\x1a\x07\x8c\xc9\
\x37\x05\x3d\xbd\xc0\x5f\x1e\xc9\x67\xa4\xb4\x14\xf8\xa6\xa9\x73\
\x88\x6c\xe1\x5b\x72\x36\xa0\x19\xab\x05\xa0\x10\x20\x8c\x89\x4f\
\x3d\xd1\x59\x5f\x7f\x0e\x6f\x19\x06\xd4\x02\x4f\x3e\x2f\x4e\x0c\
\x9d\x2a\xb9\xb2\x19\x38\x59\x30\x58\x80\xa5\x02\xd0\xbc\xda\xe1\
\xe6\x55\x2e\x1e\x0f\x30\xeb\x70\xfb\x77\xfe\x06\xe3\x7b\xe7\xe9\
\x28\x35\x2d\x4a\xdf\xde\x91\xf5\x0d\xe4\x38\x46\x5a\xa3\x48\xa0\
\xda\x86\xca\x9a\x89\x79\x4b\xf1\xb1\x54\x00\x04\x9a\x69\x0e\x1f\
\x31\xdd\x40\x69\xff\x09\x7a\xce\xa3\xa2\x9c\x07\x4c\x58\xbd\xfc\
\x7a\xbe\x88\xab\x2a\x18\xd3\x26\x8b\x02\x37\x0c\x45\x28\x83\x62\
\x63\xa9\x00\x40\x98\x62\x0e\x4e\x99\xe8\xdc\xaf\x3f\xc7\x59\x5f\
\x17\x05\xb0\xe6\x3d\xd1\xd5\x32\x65\xa2\xe4\xdb\x30\x48\x28\x83\
\x62\x63\xad\x00\x58\x14\x40\x83\x66\x5f\xc7\xcf\x50\x39\x76\x96\
\x01\xd5\x54\xaa\x91\x16\x71\x16\xb1\xbe\x56\x12\xb9\xf4\x11\x14\
\x1b\x4b\x05\x40\x94\x77\xfd\x02\x80\x76\xa8\xf3\x05\x50\x59\xc1\
\x98\xd4\x20\xbe\xe4\xcf\x83\xf9\x62\x0e\x48\x79\x64\xa6\x09\x82\
\xa1\xc8\x58\x2a\x00\x30\x2a\xcc\x41\x3b\xcd\xfa\xed\x0b\x0d\xd2\
\x02\xd2\xa6\x70\xbe\x06\xa8\x94\xf6\x2c\x10\x71\xb9\x60\x28\x32\
\x96\x0a\x80\x89\x85\x5d\x46\x3e\xcb\xfd\x62\xc3\x83\x26\x2d\x27\
\x6f\x6d\xcb\x0b\x60\x40\x1e\x79\xb0\x9d\x56\xc5\xc1\x52\x01\x80\
\xc5\x9d\xbc\xa5\xa5\x23\xa3\x06\xa8\x28\x17\xf3\x11\x8f\xe7\x7f\
\x2f\x93\x47\x39\x54\xf0\xdd\xcc\xbb\xc4\x52\x01\x10\x91\xb0\xb6\
\x26\x91\xb4\xd3\xfa\x94\xbd\xa7\x42\xaa\xd4\x7b\x4c\x2b\x8f\x13\
\xd2\xf6\x18\x66\x2e\xe8\x9a\xbf\xdd\x61\xa9\x00\x00\x74\x9a\x03\
\xdd\xa6\x2f\xc5\xc9\xcc\x3a\x5c\x74\xf8\x1c\x31\x23\xdf\x29\x8c\
\xc7\x65\x91\x93\x50\x06\xc5\xc6\x5a\x01\x30\x0b\x99\x37\x4f\xa1\
\x3a\x99\x29\x13\x0d\x2c\x5a\x98\xc2\x79\x67\xe9\xb8\xf5\xa7\x69\
\x5c\xf4\xed\xbc\x8b\x38\x26\xad\x27\x24\x12\x3f\x82\x62\x63\xa9\
\x00\x18\x88\x98\xc3\xa1\xc8\xc8\x10\x00\x00\x9c\x7c\x82\x8e\x5f\
\xdf\x92\xc2\x65\x17\x88\x7b\x07\x42\xcd\x62\x1e\x19\x08\x09\x86\
\x22\x63\xa9\x00\x08\x10\xce\x12\x68\x0c\x8d\x1c\x01\x0c\xc6\x66\
\x93\x4f\xa0\x8f\xcf\x64\x43\x31\x19\xf0\x34\xc5\xc4\x60\x31\xf3\
\x9b\x36\x5b\xfa\x38\x45\x61\x53\x93\x28\x72\x02\x0d\x69\xb7\x50\
\xa1\xb0\xb4\xc4\xd9\xe0\x8f\xcc\xe1\x8f\xd7\x2b\x88\x27\xcc\x96\
\x91\xc5\x8e\x18\x61\x83\xb8\x95\x9c\x55\x52\x3f\x34\x1b\x8a\x8d\
\xa5\x02\x88\xf4\x46\x82\xcc\xdc\x98\x0b\xa7\x33\xc0\x5b\xa6\xdd\
\x34\x23\x8d\x35\xef\x2a\xf2\x81\x12\x1f\x59\x79\xc0\x14\xac\x16\
\x40\x16\x7a\xc9\x1c\x5a\xb9\xda\x06\x8f\x54\x20\x5e\x5b\x23\x8b\
\x9b\x87\xb4\x4d\xac\x90\x58\x5e\xda\xc4\xf4\xa2\x39\xfc\x8f\x97\
\x55\xf4\x8c\xc0\x43\x5a\x13\x09\xe0\xc5\x57\x45\x01\x10\x58\xc8\
\xbb\x15\x58\x2e\x80\xb2\x64\xd9\x8a\xec\xe1\x4a\x59\x62\x5d\x84\
\x17\xa4\x82\x1a\x09\x3c\xff\x8a\x2a\xf4\x6f\x18\x1c\x69\x8a\x47\
\x56\x9a\xd3\x58\x81\xe5\x02\xc8\x9e\x6d\x43\x4b\xcc\xb6\xa5\xcb\
\x1c\xb8\x2a\x74\x17\x30\x03\x4b\x9f\x10\xf3\x44\xc0\xc3\x7b\x7a\
\xa0\x53\x21\xb0\x5c\x00\x00\xc0\x0a\xff\xd9\x1c\xfe\xe0\x13\x45\
\xdc\x4f\xe7\x70\x5e\xf9\x97\x8a\x4f\x36\x08\x45\xad\x1b\x19\x2c\
\x36\x1b\xac\xc2\x16\x02\x08\x77\x87\x3f\x63\xb0\x70\xb2\xe5\xc2\
\x3f\xb8\xa4\xf3\x76\x9c\x09\x33\x70\xcf\x83\x72\x8d\xc6\x7f\x0b\
\xf7\x86\x2d\xf5\x00\xe6\xb0\x85\x00\x90\x2d\xa8\x9b\xb3\x9e\xd1\
\x2c\xeb\x37\x29\x78\xec\x59\xb9\xe0\x9c\xc7\x23\x4f\xbb\xb0\xc1\
\xb4\x81\x14\x40\x46\x51\x5d\xb6\xb8\x33\x10\x76\x12\x40\x38\x11\
\xfe\x10\xcc\xcb\xcc\xb6\x05\xf7\xba\xb1\xad\xd5\xb9\xee\xe1\xad\
\x5f\x10\x7e\x75\x9f\x78\x8e\x1d\x03\xff\xb7\xb9\x73\x73\xbf\xef\
\xc3\x6a\x6c\x23\x00\x00\xd0\x75\xbe\x91\x81\xfe\xf9\xf1\xee\x38\
\x70\xe3\x7c\x0f\x0c\x07\x36\x05\x86\x91\x7d\x76\xf3\x14\x37\x33\
\x6f\x77\x91\xeb\x46\x73\x3a\xab\xb1\x55\x4f\x2b\xa6\xc7\xa2\x7e\
\x8f\xbf\x13\xc0\x99\x39\x5b\xa4\x85\x90\xce\x10\x4e\x38\xda\xf2\
\x0e\xf3\x1e\x71\xf7\xfd\x6e\x3c\xbd\x5c\x1a\xf7\x93\x72\x75\x53\
\xbc\x69\xc8\xe7\xf8\x16\x03\x5b\x09\x00\x00\xa2\xe9\xe8\x5a\xbf\
\xbb\xea\x24\x10\x05\x72\xb6\xf7\x3e\x54\x10\x38\x94\x31\x55\x5e\
\x53\x6f\x53\x9e\x79\x41\xc5\x82\x7b\xe5\xaa\x9f\xff\x1e\x8a\x87\
\xe6\x09\x46\x1b\x60\xab\x26\xa0\x0f\x43\xe5\xcc\x25\x00\xb6\x99\
\x8d\x73\xef\xf0\xe0\x9f\xab\x6c\xa7\xd7\x01\xbc\xb8\x52\xc5\xdc\
\x3b\xc5\x83\x52\x99\xd1\x68\xb8\xf8\x72\xc1\x68\x13\x6c\x59\xa2\
\x1d\x99\xae\xce\x6a\x57\xf5\x1b\x44\xb8\x24\x77\xeb\xb6\x6e\x64\
\x0b\x77\x72\x03\x0f\x7a\x6e\xaf\xd5\x3c\xb7\x42\xc5\xf5\x37\x7b\
\x90\x31\xed\x11\x65\xe6\x2e\x95\x8c\xd3\x42\x5d\xcd\xc2\xe2\x17\
\xbb\x60\x4b\x01\x00\x40\x34\x13\xdd\xe2\xf7\x54\x05\x01\xfa\x4e\
\xd6\x71\x96\xed\x58\xad\x58\xa9\x62\xe6\x74\x86\x56\x63\x2f\x11\
\xbc\xf2\x2f\x15\x3f\xbe\xc9\x23\x5c\x37\xc3\xe0\x94\x02\x5c\xd0\
\x94\x88\xec\xd1\x59\xc1\xc5\xc4\xb6\x02\x00\x80\x68\x3a\xb6\xae\
\xca\x5d\x15\xa1\xec\x09\x22\x0a\xfa\x44\xf0\xcf\x55\x2a\x4e\x9f\
\xad\x63\x4c\xb5\xfc\x2f\xac\x21\xb2\x85\x70\xe5\x75\x1e\x61\xf5\
\x2f\x83\x53\x30\xe8\x82\x60\x32\x3c\xa4\xab\x5b\xac\xc2\x11\x83\
\xec\x3a\x5f\xdd\x25\x00\x3f\x6c\x16\xec\xc4\x3a\xc6\x3f\x96\xf6\
\xec\xf6\x0e\xa0\x42\x93\x4e\x03\xe7\x5c\x51\x22\x9c\x16\x06\x40\
\x67\x03\xe7\x59\x79\xa1\xd6\x50\xb1\x75\x0d\x90\x23\x9a\x8e\x7e\
\xec\x77\x57\x6e\x01\xd1\xb7\x72\xb6\x8e\x28\xa1\xdc\x07\xcc\x9a\
\x69\xed\xf0\xf0\xe1\xc7\x5c\x78\x6a\xb9\x3c\xd1\xc3\xff\x13\x4c\
\x84\xff\x2a\x18\x6d\x8a\x23\x6a\x80\x1c\x01\x6f\xe0\xf7\x44\xe8\
\xbf\x82\xdd\xe7\x05\x5e\x7f\xa6\x07\x63\xaa\xad\xe9\x0f\x44\x3b\
\x09\x27\x9f\x2b\x9e\x04\xca\xcc\x4b\x43\x89\xf0\xa5\x42\x42\x1b\
\x63\xc7\x61\xe0\xa0\x24\x2b\x92\x73\x01\xf4\x5f\x46\x15\x4f\x00\
\x8f\x3e\x6d\x5d\x25\xf6\xe8\xd3\xaa\x74\x0c\x2c\x3a\x0c\x37\xcf\
\x31\xa7\xb1\x3b\x8e\x12\x40\x6b\x6b\x6b\x9c\x19\xc2\x44\xca\xd2\
\x27\x5d\xc2\x39\x3c\xc5\xc2\x30\xb2\x13\x3d\x66\x18\xb8\x2b\x12\
\x8b\xec\x10\x8c\x36\xc7\x51\x02\x00\x80\x4c\x22\xb3\x04\x8c\xf6\
\x5c\xf8\x8b\x2f\x09\x6f\xaf\x2d\x7e\x36\xde\xf9\x40\x41\xf3\x56\
\xa1\x05\x8d\xb3\x9b\x1f\x34\x1b\x9c\x40\xf1\x4b\x6e\x1f\x69\x41\
\x4b\x12\xc4\xc2\xdd\x43\x2f\xbd\x5e\xfc\x66\xe0\xd5\x37\xa4\xbf\
\xc9\xbc\x7c\xb8\xae\xc8\x2b\x26\x8e\x13\x00\x00\x80\x59\x18\x5e\
\x59\xb1\x7a\x68\xc0\xdf\x24\xf1\x99\x9c\x82\x23\x05\x60\x24\xe8\
\x9f\x7d\x97\x53\x02\x00\x5a\xb6\x92\x78\x1a\x77\x81\x89\x75\x92\
\x70\xea\x07\x00\x43\x77\x61\xb9\xd9\xe0\x14\x1c\x29\x80\xbe\x4b\
\x28\x85\x5d\x45\x1f\x7e\x5a\xbc\xac\x7c\xfc\x99\x22\x2e\x57\x63\
\x6c\x72\x5a\xe7\x2f\x47\xf1\x4a\x6d\x98\x61\xe0\x7d\x73\x78\xd3\
\xe6\xe2\xd5\x00\x9f\x4b\xfb\xfb\xe4\x67\x71\x12\x8e\x15\x00\x11\
\x0b\xf7\xee\x04\xc3\xc5\xcb\x8a\xbc\xc5\x9b\xc0\x43\xbe\x13\xd0\
\x6e\x14\xaf\xd4\x86\x1b\x43\x11\xa6\x57\xb7\x49\x37\x7a\x15\x92\
\x01\xeb\x14\x89\x6d\x39\xd5\x3b\x14\x1c\x2b\x00\x03\x46\x8b\x39\
\xbc\x23\x66\x0e\x15\x96\xa8\xd9\xfb\x07\x80\x49\x11\x9e\xc5\x49\
\x38\x56\x00\xd0\x21\x8c\xb9\x77\x77\x11\xf4\x70\x12\x93\xfe\x16\
\x31\x39\xb2\x03\x08\xa7\x4d\x06\x99\x19\x5f\x31\x7e\x6c\x89\xe1\
\xd9\x9e\x0b\x7b\xdc\xc0\x3d\x77\x14\xfc\x9e\x45\x00\xc0\xbc\x05\
\x6e\x61\x0e\x40\xcf\x18\xf5\x91\xde\x48\x50\x48\xe4\x10\x1c\x2b\
\x00\xad\x4a\xab\x56\x32\xf6\xf8\xf2\x58\x47\x20\xd4\x13\x0a\xcb\
\x76\x27\xe0\xd8\x26\x20\xe5\x4d\xa5\xb2\x23\x30\xeb\xc9\x90\x79\
\x15\xa0\xb3\x70\xac\x00\xb6\x6d\xdb\x96\x00\x60\xf9\x1a\x7b\x66\
\xde\xd4\x92\x6c\x11\x56\x30\x3b\x09\xc7\x36\x01\x00\x30\xb1\x7c\
\xe2\x81\x3a\xeb\x73\x00\xb6\xe4\xc4\x6d\x06\x5a\x75\x43\xbf\xaf\
\x39\xd9\xbc\x55\x8e\x1b\x65\x94\x51\x46\xb1\x3f\x8e\x6e\x02\x00\
\x20\x50\x1a\xd0\x48\xe5\x2b\x01\xcc\x64\x86\x7c\x18\x7b\x41\x20\
\x42\x82\x41\x9f\xaa\xaa\xba\xd8\x4e\x3b\x7d\xf7\x06\x47\x0b\xa0\
\xce\xa7\x5d\x0c\xd0\x5f\xcc\x17\x4f\x16\x13\x06\xa7\xc1\x74\x4d\
\x28\x11\x5a\x24\xc7\x39\x05\xc7\x0a\x20\x50\x16\x38\x06\x0a\xbf\
\x41\x20\xab\x4f\x91\x30\x00\x3a\x23\x18\x0f\x5a\x7e\xe4\xdb\xde\
\xe0\xd8\x61\x20\x14\xbe\xc9\x06\x2f\x1f\x00\x14\x66\xe3\x17\xb2\
\xd1\x29\x38\xb7\x06\xf0\x6a\x9d\x44\xd4\x7f\xe7\xd0\x65\x3f\xbc\
\x1c\x53\xa6\x17\xe7\x02\xae\x75\xef\xaf\xc3\xa3\x0f\x3d\x62\x36\
\xe9\x63\xe2\x63\xcb\xd6\x62\x6d\xda\x6c\x74\x02\x4e\x15\x00\x05\
\x7c\x5a\xca\x5c\x03\x3c\xf4\xcc\x62\x4c\x9e\x36\x59\x4c\x55\x20\
\x1a\x37\x34\xe2\x8a\x6f\x89\xbb\xbd\x13\xf1\x64\x79\x2b\x5a\x1d\
\x77\xe5\x85\x53\x05\x80\x80\x57\xfb\x88\x88\x0e\xcf\x85\x89\x08\
\xae\x22\xdd\x3a\x9d\xc9\x64\xc0\xe2\x11\x66\xa1\x60\x3c\x54\x67\
\x36\x38\x85\xe2\x2f\xa7\x1d\x26\xfc\x25\xd5\x04\xd0\x59\x66\x9b\
\x61\x18\x45\xf9\x91\x21\xc6\xaf\x76\xa4\xa3\xab\x65\xbb\x13\x70\
\xac\x00\xa2\xa9\xd8\xfb\xd5\xee\xea\x19\x44\x98\x26\xc7\x15\x99\
\x17\xc6\x24\xc6\x5e\xbb\x0d\xdb\x06\x2a\xc3\x01\x38\x56\x00\x00\
\x38\x9a\x8e\x3e\x51\xed\xa9\xee\x00\x73\x03\x11\xf5\xdf\x42\x5e\
\x0c\x98\x79\x13\x11\xe6\xd7\xc6\xc3\xd7\xbf\x89\x6d\x8e\x9d\x0d\
\x74\x6c\x1f\x40\xa6\x06\x35\x65\xa8\x44\x99\x6c\x2f\x04\x6a\xa7\
\x9a\xe8\x5b\x9a\x3e\xca\x28\xce\x66\xc4\xd4\x00\x39\x1a\xbc\xb5\
\x47\x1a\x44\x57\x33\x63\x3a\x88\x86\xc7\x45\xcc\xe8\x25\xe2\x4f\
\xc9\x50\x17\x35\x25\x9b\xde\x93\xa3\x9d\xcc\x88\x12\x40\xc0\x1b\
\x98\x4b\x84\x05\x05\xf4\x70\x32\x98\x6f\x0e\x26\xc2\xf3\xe5\x08\
\xa7\x32\x62\x04\x50\x57\x56\x77\x36\x14\x7e\x4e\xb6\x17\x04\xa2\
\x0b\x83\xdd\x41\xe1\x5c\x63\xa7\x52\xa8\x2f\xa5\xe8\xb0\x62\xfc\
\x5c\xb6\x15\x0c\x83\x6f\x95\x4d\x4e\x65\x44\xd4\x00\xd3\x30\xcd\
\x93\xf4\x25\x7a\xcc\xf9\xb9\xe1\xb6\x1b\xa0\x35\xf4\x9f\x36\xbb\
\x4f\xb4\x6e\x6d\xc5\xfc\xb9\x77\x0a\xde\xbf\x12\x25\x75\xc0\x86\
\xae\xad\xfd\x07\x55\x38\x95\x11\x21\x80\x71\x18\xe7\x2d\xf5\x95\
\xf4\xfb\xe1\x89\x08\x8b\x9e\xf8\x33\xb4\x06\x4d\x4c\xb8\x97\x74\
\x6c\xef\xc0\xa5\x67\x5d\x82\x54\x6f\x7e\xdf\x81\xce\xc6\xf8\x48\
\x22\xe2\xd8\xc5\xa0\x39\x46\x84\x00\x90\x9d\x1b\xd8\x48\x44\xc5\
\x99\x0d\x02\xbe\x08\xc6\x43\x13\xec\x70\xe7\xcf\xbe\x32\x62\xfa\
\x00\x20\xba\x5f\x36\x15\x0a\x66\x3c\x30\x12\x5e\x3e\x1c\xee\x0a\
\x16\x88\xa6\xa3\xef\xfa\xdd\x55\x87\x81\x68\xba\x1c\x37\x9c\x30\
\xf0\x8f\xb1\x89\xb1\x3f\x76\xaa\xef\x5f\x66\xc4\x08\x20\x3b\x37\
\x10\x7b\xca\xef\xf6\xb7\x30\x61\x02\x01\x63\x72\x27\x8d\xef\x2b\
\x0c\xee\x25\xd0\x27\x00\xcd\xd7\xe2\xa1\x1b\x9c\xec\xfb\x97\xf9\
\x7f\x34\x3a\x9f\x83\x9a\xb8\xaa\x63\x00\x00\x00\x00\x49\x45\x4e\
\x44\xae\x42\x60\x82\
\x00\x00\x0a\x37\
\x89\
\x50\x4e\x47\x0d\x0a\x1a\x0a\x00\x00\x00\x0d\x49\x48\x44\x52\x00\
\x00\x00\x80\x00\x00\x00\x80\x08\x06\x00\x00\x00\xc3\x3e\x61\xcb\
\x00\x00\x00\x01\x73\x52\x47\x42\x00\xae\xce\x1c\xe9\x00\x00\x00\
\x04\x67\x41\x4d\x41\x00\x00\xb1\x8f\x0b\xfc\x61\x05\x00\x00\x00\
\x09\x70\x48\x59\x73\x00\x00\x4b\x97\x00\x00\x4b\x97\x01\xee\xc5\
\x6f\x20\x00\x00\x09\xcc\x49\x44\x41\x54\x78\x5e\xed\x9d\x7b\x8c\
\xdd\x45\x15\xc7\x3f\xdd\x6e\xbb\xd8\x16\xb6\x2c\x6d\x13\xa5\xca\
\x43\x2c\x56\x12\xa5\x15\x50\x1e\x21\x56\x44\x51\x04\x0b\x18\x25\
\x8a\x46\x4d\x8c\x02\x55\xeb\x8b\xf8\x40\x83\x22\xa4\x68\x89\x4a\
\x20\x8a\x8d\x96\x48\x62\x2a\x69\x41\x14\x15\xa5\x06\x45\x41\x53\
\x52\x81\x98\xda\x6a\xa9\x01\x29\x94\xca\xb6\x5d\xca\x52\xb6\xdb\
\xee\xd6\x7f\xce\x35\x97\xe3\xb9\xf7\xfe\xee\xde\xdf\xfc\xe6\xcc\
\xed\x7c\x92\x6f\x6e\x32\x77\xe6\x37\x67\x66\x7e\xcf\x99\x33\x33\
\x90\xc9\x64\x32\x99\x4c\x26\x93\xc9\x64\x32\x99\x83\x88\x49\x3a\
\xe0\x20\xe1\x25\xc0\xa1\xc0\x34\x60\x2a\xd0\x03\x1c\x00\xf6\x03\
\x7b\x80\xdd\xc0\xf3\x3a\x51\x37\xd2\xad\x27\x40\x0f\xf0\x1a\xe0\
\x44\xf9\x3d\x0e\x78\x05\xf0\x32\x60\x0e\xd0\xa7\x13\x18\xec\x05\
\x9e\x06\x9e\x00\x1e\x05\x36\x02\x0f\x03\xeb\x80\x21\x1d\x39\x13\
\x9f\xb9\xc0\x12\xe0\x2e\xe0\x59\xb9\xa2\x43\x68\x0c\x58\x0f\x5c\
\x03\x9c\xa4\x8d\xc8\x54\x4b\x0f\x70\x01\xb0\x56\x1a\x46\x37\x56\
\x15\xda\x08\x2c\x95\x47\x4a\xa6\x42\xce\x03\x36\x18\x0d\x12\x4b\
\x3b\x80\x2b\x0a\x3e\x5e\x32\x1d\x30\x13\xb8\xcd\x68\x00\x2f\xda\
\x04\x9c\xa6\x8d\xce\x94\xc3\x71\xc0\x66\xa3\xd2\xbd\x69\x1f\xf0\
\x19\x6d\x7c\xa6\x33\x8e\x06\xb6\x1a\x95\xed\x59\xd7\xeb\x42\x64\
\x26\xc6\x21\xc0\x23\x46\x05\xa7\xa0\xaf\xe9\xc2\x64\xda\xe7\x5a\
\xa3\x62\x53\xd1\x38\xb0\x58\x17\x28\x53\x9c\x23\x81\x11\xa3\x62\
\x53\xd2\x76\x60\x40\x17\xcc\x03\x3d\x3a\xc0\x21\x97\x76\xc1\xa7\
\xd5\x1c\xe0\x4a\x1d\x98\x29\xc6\x16\xe3\x8a\x4a\x51\xcf\xcb\x27\
\xac\x2b\xbc\xdf\x01\x8e\x15\x75\x03\xd3\x80\xf7\xe9\xc0\xd8\x78\
\x3f\x01\x16\xea\x80\xc4\x39\x5f\x07\xc4\xc6\xfb\x09\xd0\x2d\x57\
\x7f\x8d\xd3\xbd\xd5\xb9\x2b\x63\x0c\x8e\xd0\x01\x89\x33\x03\x38\
\x46\x07\xc6\xc4\xfb\x09\xd0\xab\x03\xba\x80\xb9\x3a\x20\x26\xde\
\x4f\x80\xbd\x3a\xa0\x0b\x98\xa1\x03\x62\xe2\xfd\x04\xe8\x46\xcf\
\x9b\x03\x3a\x20\x26\xde\x4f\x80\xad\x3a\xa0\x0b\x70\x75\x52\x7b\
\x3f\x01\x1e\xd5\x01\x5d\xc0\x63\x3a\x20\x26\xde\x9d\x42\x67\x88\
\x7f\x9f\xf7\x13\xb5\x28\x3b\x81\x59\x9e\x1e\x03\xde\x2b\x76\x18\
\xf8\xbb\x0e\x4c\x98\x3f\x7b\x6a\x7c\x12\x38\x01\x00\xee\xd7\x01\
\x09\xf3\x6b\x1d\x10\x9b\x14\x4e\x80\xb5\x3a\x20\x51\xf6\x03\xb7\
\xeb\xc0\x4c\x6b\x66\x8a\x8f\x9d\x1e\x5d\x4b\x4d\x77\xe8\x82\x65\
\x8a\xf3\x5b\xa3\x42\x53\xd3\xa9\xba\x50\x1e\x48\xe1\x11\x00\xb0\
\x5a\x07\x24\xc6\xcf\xe5\x05\x30\x33\x41\x06\x12\x76\x0b\x1b\xee\
\xc2\x51\xcd\x28\xac\x36\x2a\x37\x05\x7d\x5c\x17\x24\x33\x31\xde\
\x66\x54\xae\x77\xdd\xa2\x0b\x91\x99\x38\x3d\xd2\x35\xac\x2b\xd9\
\xab\x7e\x29\x6b\x0f\x64\x4a\xe4\xd3\x46\x45\x7b\xd4\xaa\x2e\xf0\
\x64\x76\x49\xbf\xac\xde\xa1\x2b\xdc\x8b\xf6\x02\x9f\x4f\x60\x8c\
\x25\x69\x96\x1b\x15\xef\x41\x9b\xba\xd0\x89\xd5\x25\x73\xe5\x4a\
\xd3\x0d\x10\x53\x2b\x80\xe9\xda\xd0\x4c\x38\x6e\x36\x1a\x21\x86\
\x46\x81\x8f\x6a\xe3\x32\xe1\x39\x56\x2a\x5f\x37\x48\x95\xda\x0d\
\x9c\xa5\x0d\xcb\x54\xc7\x0a\xa3\x51\xaa\xd2\xb0\xf8\xf8\x67\x22\
\x72\x54\xa4\xee\xe1\x31\xe0\x1d\xda\x98\x4c\x1c\xbe\x6d\x34\x50\
\x68\x5d\xa3\x8d\x48\x99\xd4\xbf\x57\x67\xcb\xec\xe1\xa2\x4b\xb4\
\x8d\xca\xca\x62\x9b\xc4\xe3\xf8\x59\xb9\xa2\xfb\x64\x16\xd2\x5c\
\x59\x58\x72\x5e\x83\xba\x79\x0c\x98\x2f\x77\x9e\x8c\x13\xae\x32\
\xae\xd2\x7a\x3d\x03\xdc\x08\x9c\x2d\x4b\xc4\x16\x61\x00\x78\x37\
\xf0\x13\x59\x3a\xb6\x76\xac\xa5\x3a\x62\x26\x3e\x87\x02\xdb\x8c\
\x86\xff\x07\xf0\xe1\x12\xba\x64\x07\x80\x2f\x8b\x47\xef\x51\xfa\
\xcf\x8c\x0f\x3e\x56\xd7\xf0\xcf\xc9\x98\xc1\x14\x1d\xa9\x43\x0e\
\xd7\x01\x19\x3f\x4c\x96\x67\xfb\x7a\x59\x4b\x30\x53\x10\xeb\x45\
\x27\x55\x5e\x2b\xc3\xc5\x7b\xf4\x1f\x8a\x7e\x60\x81\x9c\x28\xb3\
\x64\xc8\x76\x0f\xf0\x94\xac\xfb\xfb\x37\xf1\xe0\xcd\x74\x11\x03\
\xf2\x02\xf7\x40\x81\x45\xa5\x77\x03\x6b\x80\x77\xc9\x9d\x25\x93\
\x30\xfd\xc0\x32\xe9\xb9\xd3\x0d\x5d\x44\x9b\x65\x5d\x9f\x6e\xba\
\x53\x1e\x34\xbc\xb5\xc4\xa5\x65\xef\x91\xf5\x0a\x33\x89\xf0\x85\
\x02\xb7\xfa\x76\xb5\x1d\x78\xa3\xce\x28\xe3\x8f\x65\x46\xe3\x95\
\xa5\x61\xe0\x4c\x9d\x61\xc6\x0f\x4b\x8d\x46\x2b\x5b\x43\xd2\x1d\
\x9c\x71\xc6\x69\x15\xce\x21\xdc\xd0\x46\xb7\x72\xa6\x02\xa6\xca\
\x37\xbc\x6e\xa8\x90\x5a\xa6\x8d\xc8\xc4\xe3\x93\x46\x03\x85\xd6\
\x48\x1e\x1b\xf0\x41\xaf\xec\xed\xa7\x1b\xa8\x0a\x7d\x57\x1b\x93\
\xa9\x9e\xf3\x8c\x86\xa9\x4a\xbb\x4a\x18\x6d\x8c\x4a\xd9\xd3\xc3\
\xfb\x81\x97\xcb\xfe\x3e\x73\x2a\xea\x4a\xbd\x48\x07\x54\xc8\xcc\
\xd4\x1d\x43\x3b\xe9\xe2\xec\x17\xdf\xb8\x37\xc9\x0e\x9a\xc7\x1b\
\xbe\xf1\xfb\xc4\x8b\xe6\x21\xe0\xf7\xc0\x2f\x02\xac\xfd\xf7\xb8\
\x6c\x0b\x1b\x8b\xe5\x32\x1b\xa8\x9e\xe3\x81\xb7\xc8\xa0\xd2\x98\
\xfc\xee\x05\x5e\x90\x77\x87\x17\xa4\x4f\xe1\x39\xf9\xac\xdc\x25\
\x75\x95\x04\xa7\xca\xdc\xb7\x89\x4c\xce\x18\x03\x7e\x23\x33\x7d\
\x3b\x39\xf9\x6a\x0c\x18\x79\x54\xad\x7b\xb4\x51\x72\x51\xe8\x78\
\xcd\x34\x2e\x27\xc1\x46\xe0\x5e\xe0\xc7\xc0\xd5\xc0\x47\xc4\xfb\
\xb8\x5f\x67\x10\x83\x79\x32\xe3\x55\x1b\x3f\x51\xad\x97\xdb\x77\
\x27\x8f\xa1\x85\xc6\x71\xab\xd6\x66\x6d\x94\x3c\x06\x75\xbc\x4e\
\x34\x2e\x77\xd2\xd5\x72\xb7\x39\xa5\xa2\xc7\xeb\xff\xf8\x84\xdc\
\xb6\xb4\x61\x65\x68\x8b\xf4\xdd\x4f\x64\xb0\xe5\x2c\xe3\x78\x55\
\x6b\x50\x1b\x25\xbb\x83\xe8\x78\x65\x6b\xa7\xf8\x2c\x5e\x24\xdb\
\xea\x05\xa1\x17\xf8\xa1\x91\x79\x08\x8d\xc9\x9a\x80\x57\x01\xe7\
\x02\xaf\x96\xed\xde\xe7\x01\x17\x8a\xdb\x97\xe6\x6c\xe3\x38\x55\
\x6b\xa7\x36\x4a\x1a\x44\xc7\x0b\xa9\x1d\xf2\x49\xfa\x4a\x6d\x48\
\x27\xf4\xc8\xb3\x48\x67\x16\x4b\xf7\x6a\x03\x81\x37\x18\xf1\xaa\
\x96\xb5\xf6\x6f\xac\x77\x93\xfd\x72\xc1\x96\xb2\x27\xc1\x57\x8d\
\x0c\x62\x6a\x93\x36\x50\x1e\x1b\x3a\x5e\xd5\xfa\xa3\x36\x4a\xe6\
\x16\xe8\x78\x55\x6a\x18\xf8\x54\x27\x2f\xda\xa7\x07\x18\x4f\xef\
\x54\x23\x0d\x76\x10\x19\x34\xe2\x56\xa9\xef\x69\x83\x80\x77\x1a\
\xf1\x62\xe8\xce\x56\x93\x66\xac\x37\xf0\x1e\xe0\xa6\x06\xff\xc5\
\xa4\x0f\x38\x41\x07\x02\x7f\xd2\x01\x15\x73\x9f\x0e\x00\x5e\xa7\
\x03\x22\x71\x3e\xf0\xbb\x66\xfb\x15\x5a\x8d\xbc\xd8\x51\x01\x34\
\x67\xe8\x00\x39\xcb\x63\x31\x0a\xdc\xad\x03\x1b\xd8\x19\x8b\x93\
\x65\x99\xda\xc2\xf3\x24\xd6\x1a\xb7\x12\x2f\xfa\x95\x36\x56\x6e\
\x71\xb1\xd6\x0d\xba\x4d\x1b\x23\xbd\xa1\xf5\xd3\xc9\xbc\xe8\x6a\
\x6d\xa8\xc5\x6c\x79\x93\xd4\x89\xbd\x68\x54\xc6\x18\x34\xdf\x32\
\xe2\x56\xa1\x93\xb5\x21\xc0\xc5\x46\x3c\x0f\x1a\x95\x4f\xea\xa6\
\xbc\xc7\x48\xe8\x4d\x57\x68\xa3\x65\x66\xef\x0e\x23\x6e\x48\x59\
\x57\x3f\xf2\xcc\xd5\x71\xbd\x68\xa5\x36\x56\x73\x9d\x91\xc8\x9b\
\x9e\x6c\x30\x04\xfb\x41\x23\x6e\x28\x0d\x4a\x27\x95\xc6\x43\xd7\
\x74\x33\xed\x69\xf5\x55\xb0\xc6\x48\xe4\x51\x7a\xf4\xad\xc6\x4a\
\x23\x6e\xd9\x1a\x93\x9e\x4a\x8b\x32\xc7\x4a\x42\xe9\x02\x6d\x74\
\x3d\xf7\x19\x09\x3c\x6a\xa8\x41\x6f\xd7\x54\x19\x6d\xd4\xf1\xcb\
\xd2\x38\x70\xb9\xce\x54\x38\xd7\x88\xef\x51\xd7\x69\xc3\xeb\x79\
\xd0\x48\xe0\x55\x77\x37\xf8\x8c\x3d\x04\xf8\x99\x11\xbf\x53\xed\
\x6b\x30\x1e\x81\x7c\x67\xff\xdb\x48\xe3\x51\x4d\x77\x2e\xf9\x8b\
\x91\xc0\xb3\xbe\xa2\x0b\x20\xf4\xc8\x7f\x65\xb9\x89\x6f\x05\x16\
\xe9\x4c\x84\x49\xb2\x17\x90\x4e\xe3\x55\x4d\x3b\xce\x42\xde\x3e\
\x43\x68\x1c\xf8\x80\x2e\x44\x1d\x0b\x80\x3f\x18\xe9\x8a\x6a\x14\
\xb8\xa1\xc5\xe2\x10\x5f\x37\xd2\x79\xd6\x3a\x5d\x80\x7a\x7e\x64\
\x24\xf0\xae\x7d\xc0\x25\xba\x20\x8a\x45\xf2\xd9\x56\xb4\x83\x66\
\xab\x3c\x2b\x5b\xb9\x9a\x55\x31\x13\xa9\x6c\xbd\xa8\xeb\x5a\x8f\
\x16\x7d\x29\xd1\x65\xd0\xc6\x65\xf4\xf2\x5a\x29\x64\x23\xa6\x49\
\x37\xed\x49\x75\x0b\x44\x4c\x91\x13\x63\x9b\xb8\x64\x3d\x00\x3c\
\xdc\xe2\x38\x00\x57\x16\xed\x5d\x73\xc6\xed\xcd\x1c\x69\x53\x79\
\x93\x6d\xa4\xbb\x80\x97\xea\x42\x95\xcc\x74\xe0\x56\x23\xef\x54\
\xb4\x5c\x17\xa8\x9e\xd9\x72\x35\xe9\x44\x29\x69\xa7\x8c\x85\x87\
\xd8\xad\x63\x9e\x6c\x65\xab\xf3\x4c\x49\x1f\xd2\x85\xd2\x3c\x62\
\x24\x4a\x51\x4f\x00\x9f\x6b\x30\x76\x30\x51\x7a\xc5\x0f\x4f\xe7\
\x95\x92\xac\x21\xf5\x17\x11\x72\x7e\x7d\x0c\xad\xd0\x05\xec\x90\
\xbe\xba\x77\x84\xd4\xb4\xdd\x78\xef\xfb\x3f\x4e\x31\x12\xa6\xaa\
\x9d\xf2\x58\x2b\x9b\x33\x8d\xbc\x52\xd0\xad\xba\x20\x16\x93\x80\
\x7f\x1a\x89\x53\xd4\x65\xba\x70\x25\x52\xdb\x0a\x3e\x25\x5d\xa8\
\x0b\xd1\x88\x2f\x1a\x89\x53\xd3\xfa\xc0\x93\x27\x2e\x33\xf2\xf4\
\xac\xa1\x76\x16\xb5\x98\x13\x69\x2d\xfe\xb2\xb4\xbf\x81\xb3\x46\
\x99\x1c\x6d\xe4\xeb\x59\x3f\xd0\x05\x68\x45\x8a\xbd\x82\x35\xdd\
\xa0\x0b\x13\x88\x54\x06\x80\x0e\x00\xaf\xd7\xc6\xb7\x62\xbe\x43\
\xd7\xf0\x22\xda\x0a\x1c\xa6\x0b\x13\x88\x3b\x8d\xfc\x3d\xea\x7e\
\x6d\x78\x0d\x6b\x38\xb5\xc6\xc6\x26\x6e\x4f\x9e\x59\x22\x4e\xa2\
\x55\x60\x4d\x56\xf1\x48\xd3\xde\xbf\x66\xbc\xaa\xc4\x21\xd5\x2a\
\xb4\x4a\x17\x20\x30\x97\x1a\x36\x78\xd3\x86\x16\x17\x7a\x4b\x6e\
\x34\x0e\xea\x51\xdb\x03\x7d\xf3\x37\x63\xb1\x61\x87\x37\x5d\xac\
\x8d\x6e\x97\x59\xd2\xa1\xa2\x0f\xec\x4d\x85\xbf\x71\x4b\xe4\x0c\
\xc3\x0e\x4f\x7a\xa8\xd3\xab\xbf\xc6\xe5\xc6\xc1\x3d\xa9\xa5\xbb\
\x73\x20\x4e\x30\x6c\xf1\xa4\x73\xb4\xc1\x13\x65\xb2\x63\x7f\xc1\
\xcd\xad\x5c\x9d\x03\x72\xb8\x61\x8f\x17\x59\x53\xd6\x3a\x62\x81\
\xc3\x17\xc2\x11\x71\xee\x88\xc9\x53\x86\x5d\xb1\x35\x2a\x53\xd4\
\x4b\xe7\x1b\x46\x66\x31\xb5\x44\x1b\x18\x81\x3b\x0c\xbb\x62\xeb\
\x9b\xda\xc8\xb2\x98\x2a\x7d\xec\x3a\xc3\x18\x2a\x34\xb2\x55\x01\
\xf5\x3b\x96\x79\xd0\x16\x71\x7d\x0b\xc6\xfc\x0e\xb6\x60\x29\x4b\
\xeb\xda\x19\xd8\x08\xcc\x6c\x07\x3b\x99\xd7\x34\xd6\xc4\x7d\xbd\
\x54\x2e\x31\x32\xaf\x4a\x8f\x57\xe0\xf7\xd7\x2e\xab\x0c\x3b\x63\
\xe8\x7a\x6d\x58\x48\xbe\x63\x18\x10\x5a\x83\x4e\x37\x6b\x58\xe8\
\xc0\x97\xf2\xc1\x40\x7e\x90\x0d\x99\x2c\x5e\xb8\xda\x90\x50\x1a\
\xaa\x60\x88\xb7\x13\x62\xde\x05\x9e\x89\xb5\x74\xfd\x34\x99\x6a\
\xa4\x0d\x2a\x5b\xbb\x12\xd8\xb0\xe9\x48\xd9\x8d\x5c\xdb\x1e\x5a\
\x23\xb1\xf7\x31\x3a\x4c\x26\x53\x68\xc3\xca\xd2\x36\xe0\x44\x9d\
\xa9\x53\xaa\x7e\x37\x1a\x03\xde\xab\x8d\x88\xc1\xf4\x40\x73\xe3\
\xff\x5a\x60\x7a\x96\x37\x6e\x32\xca\x11\x42\x63\xb2\x98\xb4\x1b\
\x7a\x65\x3e\x5d\x59\x2f\x43\xdf\x77\xf4\xa9\xd7\x0e\xbd\x15\xcc\
\x16\x1e\x05\xde\xaf\x33\xf6\xc2\x39\xf2\xa9\xa6\x8d\x2e\xaa\x7f\
\x01\x6f\xd7\x07\x4d\x8c\x3e\xe0\xa7\x46\xd9\xca\xd0\x20\xf0\x66\
\x9d\xa1\x37\xa6\xcb\xe4\xc9\x76\x16\x6e\x7a\x12\xf8\x6c\xa2\x57\
\xbd\x45\x8f\x4c\x1e\x2d\xeb\x8e\x78\x40\x5e\xb8\x93\x7a\x24\x4e\
\x93\xf9\xfb\x6b\x80\xa7\x55\x61\xc6\xe5\x6a\xbf\x45\x1c\x2b\x0a\
\x2f\x64\x98\x18\x8b\x64\xc4\x52\x37\x66\x3b\xda\x25\x3b\xa3\x85\
\x74\x73\xaf\x84\x7e\xe0\x18\x71\xa9\x0e\xda\x5f\xed\x8c\x3e\x69\
\xc0\x76\x1f\x8d\x83\x32\x00\x77\x84\x3e\x60\x26\x4d\x7a\xe5\x1d\
\xe9\x66\x99\x65\xac\x87\xd7\xc7\x64\x56\xd6\x4a\xf1\x70\x0a\xb6\
\x11\x44\x8d\x96\x13\x05\x33\x41\x99\x22\xeb\x0d\xf6\x49\x87\xce\
\x7f\xe4\x37\x93\xc9\x64\x32\x99\x4c\x26\x93\xc9\x64\x32\x99\x10\
\xfc\x17\xe7\x64\x72\xd9\x13\xb9\xc4\x41\x00\x00\x00\x00\x49\x45\
\x4e\x44\xae\x42\x60\x82\
\x00\x00\x10\x4d\
\x89\
\x50\x4e\x47\x0d\x0a\x1a\x0a\x00\x00\x00\x0d\x49\x48\x44\x52\x00\
\x00\x00\x80\x00\x00\x00\x80\x08\x06\x00\x00\x00\xc3\x3e\x61\xcb\
\x00\x00\x00\x01\x73\x52\x47\x42\x00\xae\xce\x1c\xe9\x00\x00\x00\
\x04\x67\x41\x4d\x41\x00\x00\xb1\x8f\x0b\xfc\x61\x05\x00\x00\x00\
\x09\x70\x48\x59\x73\x00\x00\x76\x1c\x00\x00\x76\x1c\x01\xa7\xc2\
\x78\xea\x00\x00\x0f\xe2\x49\x44\x41\x54\x78\x5e\xed\x9d\xe9\x6f\
\x5c\x67\x15\xc6\x9f\x19\xef\x1e\xaf\x71\x9c\x38\x4e\x9b\xa6\x4d\
\x97\x94\xa4\x2d\x2d\xb4\x15\x0d\x08\x50\x55\x41\x01\x81\x80\x22\
\xc1\x97\xf2\x81\xe5\x9f\x42\x42\x2c\x1f\x90\xa0\x12\xa0\xb6\xec\
\x05\x4a\x0b\x55\x69\x48\x9b\x66\x69\x16\x9a\xa4\x4d\x62\xc7\x59\
\xbc\xc6\x4b\x1c\xcf\x0c\x5f\x7e\x07\x9d\x5e\x8d\xed\x7b\x67\xae\
\xc7\x33\xbe\xef\x23\x5d\x8d\x3d\x77\x99\xfb\x9e\xf7\x39\xcb\x7b\
\xde\x4d\x0a\xc8\x34\x72\xd1\x2f\x62\x22\x27\xa9\x5d\x52\x07\x47\
\x41\x52\x17\xdf\xdb\xb1\xd5\x50\x96\x54\x94\xb4\x2c\xe9\xb6\xa4\
\x79\x49\xb3\x92\x4a\x9c\x2b\x47\x6f\x68\x06\x54\x5b\x51\x2d\x92\
\x7a\x24\x0d\x70\xec\x92\x34\xc4\xf7\xad\xd1\x8b\xb7\x08\xca\x92\
\x96\x24\xdd\xe4\x18\x97\xf4\x01\x64\x28\x71\x34\x1d\x92\x12\xa0\
\x4d\x52\x27\xda\xbe\x43\xd2\x6e\x49\x83\x92\x76\x3a\x02\xb4\x54\
\xf1\xdc\x46\x86\xd7\x6c\x23\xc0\xbc\xa4\x4b\x92\xce\x4b\x9a\x93\
\x34\xcd\xf7\xe5\x66\x23\x42\xd2\x8a\x1a\x94\x34\x4a\xe5\x3f\x20\
\xe9\x51\x49\xbd\x1c\xdd\x3c\x2f\x1f\xbd\x69\x0b\x61\x05\x17\xb0\
\x24\x69\x42\xd2\x45\x49\x1f\x4a\x7a\x57\xd2\x59\x5c\xc4\xed\x66\
\x72\x07\x49\x09\xb0\x47\xd2\x43\x92\xee\x93\x74\x48\xd2\x17\x23\
\xbe\x3f\x2b\x58\x91\x74\x03\x12\xbc\x2d\xe9\x37\x92\x5e\x75\xe4\
\x68\x1a\x2b\xd0\x12\xfd\xa2\x02\x72\xf8\xf5\x76\x49\x7b\x25\x3d\
\x0e\x09\xee\xc1\x05\xb4\x46\x82\xbf\xac\x1c\x25\x3e\x17\x25\x4d\
\x49\xba\xc5\xff\x73\x5b\x8d\x00\x79\x22\xfd\x2e\x2a\xfe\x4b\x68\
\xff\x28\xd1\x7f\x9e\x82\x67\x0d\xad\xc8\x44\x54\x78\x3b\xe6\x7f\
\x8c\xcf\xa6\x40\x1c\x7f\x9d\x27\xf8\x2b\x10\xf1\xef\x24\xea\xef\
\x8f\x79\xff\x56\x44\x0e\x02\x74\x4a\xea\x43\x26\x7b\x88\x91\xe2\
\x28\x55\xc3\x20\x4e\x05\xe6\xa9\xfc\xed\x54\x7a\xc7\x16\x8c\xf4\
\x6b\x41\x3b\x72\xd9\x41\x30\x1c\x47\xa6\x0d\x83\x38\x2f\x6b\x6d\
\xfe\x9d\x92\xb6\x61\xf6\x5a\x62\xde\x9b\x05\xb4\xd3\x04\x1e\xc5\
\x42\x36\x95\x5c\xe2\xbc\xac\x05\x3d\x41\xeb\x2b\x23\x87\x1c\x9b\
\x52\x29\xe2\xbe\x70\xde\x1d\x81\x04\x1f\x85\x29\x88\xc9\xa6\xa9\
\xe4\x13\x97\x00\x6a\xc6\xc2\xd5\x11\x9e\x00\x4d\x85\x24\x04\x08\
\xd8\x82\x08\x04\xc8\x38\x02\x01\x32\x8e\x40\x80\x8c\x23\x10\x20\
\xe3\x08\x04\xc8\x38\x02\x01\x32\x8e\x40\x80\x8c\x23\x10\x20\xe3\
\x08\x04\xc8\x38\x02\x01\x32\x8e\x40\x80\x8c\x23\x10\x20\xe3\x08\
\x04\xc8\x38\x02\x01\x32\x8e\x40\x80\x8c\x23\x10\x20\xe3\x08\x04\
\xc8\x38\x02\x01\x32\x8e\x40\x80\x8c\x23\x10\x20\xe3\x08\x04\xc8\
\x38\x02\x01\x32\x8e\x40\x80\x8c\x23\x10\x20\xe3\x08\x04\xc8\x38\
\x02\x01\x32\x8e\x40\x80\x8c\x23\x10\x20\xe3\x08\x04\xc8\x38\x02\
\x01\x32\x8e\x40\x80\x8c\x23\x10\x20\xe3\x08\x04\xa8\x1d\xb6\x8a\
\xf8\x6d\x3e\x9b\x66\x99\x58\x05\x02\xa4\x82\x12\x95\x7f\x8b\x25\
\x64\x9b\x0a\x81\x00\xc9\x50\x62\x3d\xe0\x05\x96\x87\x1d\x97\x74\
\x99\x95\xc3\x2f\xf1\x5d\x31\x7a\x53\x23\x23\x10\x20\x19\x6e\x49\
\x9a\xa4\xd2\x8f\x49\xfa\xb3\xa4\x3f\x48\xfa\x1d\x9f\x27\xb8\xa6\
\x69\x10\x08\x90\x0c\x4b\x92\xae\xb3\x51\xc4\xbf\x25\xfd\x5a\xd2\
\x0b\x92\x7e\xc5\xe7\x11\xae\x69\x1a\xc4\x59\xd6\xac\x5b\xd2\x5d\
\x2c\x11\xff\x84\xa4\xaf\x49\x3a\x18\xbd\x28\x06\x6c\x33\x85\x22\
\x2b\x6a\x4f\xb2\xf1\xc2\x22\x26\xd5\xb6\x5d\xc9\xb1\x06\x6f\x37\
\xc7\x00\x4b\xb1\xb6\xb0\x66\x71\x9c\x77\x4e\x0b\x65\x4c\xfe\x14\
\x15\x3f\x21\xe9\x1c\x0b\x42\x9f\x97\x74\x92\xcd\x22\xae\xf3\x69\
\xf0\x8b\x47\xfa\xf7\x2d\xba\x40\xb1\x21\x82\xc5\x38\xc2\x4c\x8b\
\x00\xe6\x3f\x6f\xa1\x41\xef\x22\xc8\xab\x98\x54\x13\x4c\x9e\x75\
\x89\x47\x58\x7e\x75\xbf\xa4\x7b\x59\xa2\xb6\xa7\x8e\x56\xcb\x08\
\x3b\x4b\x45\xbf\x2d\xe9\x02\xa6\xff\x32\x3b\x84\xcc\x12\x00\x2e\
\x73\x98\x3c\x6d\x79\xfd\x76\xde\x37\xcf\xb3\x6e\x71\xd8\x16\x33\
\x9b\x4e\x82\x38\x2b\x5b\xb7\xa1\x85\x43\xec\x0f\xb0\x9f\x85\x91\
\xe3\xc2\x0a\x79\x1b\xcd\xbf\x81\x16\x1d\x65\x97\x8d\xb3\x92\xde\
\x43\xa8\x97\x25\x5d\xe1\xba\x25\xa2\x6a\xdb\xa2\xc6\x2c\x83\x11\
\x20\x0e\x79\x6b\xc1\x32\x16\xea\x06\xef\xf7\x1f\x49\x67\x20\xc0\
\x79\x2a\x7f\x99\xf2\xb5\x39\x8b\xd5\xc7\x31\xc8\xda\xca\xfd\xc8\
\xaf\x87\x72\x58\x79\x6c\xd3\x2d\xdb\x6f\xc1\xca\x55\x57\x52\xc4\
\x11\x62\xad\x16\xa0\x48\x45\x4e\xa2\x49\x47\x89\x98\x4f\x4b\xba\
\x26\x69\x86\x73\xb6\xc9\x42\x8e\x55\xb7\x07\xb0\x04\x7b\x25\xdd\
\xc9\x6f\x3e\x89\x70\x4d\x78\x1b\x01\xab\x80\x8b\x92\x4e\xf1\x79\
\x5c\xd2\x61\xc8\x30\x06\x41\xdb\xa9\xcc\x7e\xac\xd5\x76\xf7\xce\
\x9d\xee\xb0\xca\xf5\x16\x70\x1e\x97\x31\x87\x05\x1c\xc7\xa2\xcc\
\xe0\x12\xeb\x86\x7a\x10\xc0\xb6\x51\xb9\x20\xe9\x25\x02\xa6\x69\
\x84\xb9\xe8\xfc\xa1\x67\xbe\x09\xad\x9d\xa5\xea\x7b\x25\x7d\x45\
\xd2\xf3\xb8\x85\x1e\xbe\xdb\x08\x98\x69\x7e\x53\xd2\x8b\x90\xe0\
\x1c\x9f\x45\xce\xe7\xdd\xae\x69\x7b\x24\x3d\x82\x65\xdc\xcb\x5e\
\x4a\x05\x47\x00\x43\xd9\x29\xc3\x75\xf6\x1a\xba\x42\xcb\xe1\x88\
\xdb\x83\xe8\x86\xbb\x67\xc3\x51\x0f\x17\x30\x83\xd6\x5c\x40\xfb\
\xdf\x81\xed\x0b\x6e\x83\xa5\xa8\xd9\x33\xff\x6b\xe7\x4a\x92\x86\
\xd1\xb4\x1c\xef\xd4\x1f\xb9\x27\x0d\x2c\x43\x4e\xab\x98\xc3\xc4\
\x2b\xd7\x09\x04\xdb\xb0\x40\x43\x92\xee\x46\x11\x1e\x70\x95\xbf\
\x8b\x65\xf5\x6d\x1f\xc5\x4e\xee\x69\xc3\xd4\xb7\xf2\xb7\x5c\x39\
\x2c\x5e\xe8\x71\xbb\xb2\xb5\x62\x29\xa2\x72\x49\x1d\xf5\x20\xc0\
\x25\xfc\xe6\x7b\x98\xd2\x53\x58\x84\xb8\xbb\x6b\x59\xcb\xa1\x0b\
\xc1\x2c\xa3\xfd\xbb\xa3\x17\xa6\x80\x9b\x10\xf5\x5d\x88\x7a\x18\
\x4d\xb5\x60\xaf\x1f\x8d\xdf\x87\x3b\x7a\x56\xd2\xc7\x21\xc1\x1e\
\x64\xd4\xeb\x2a\xd6\x5b\xd8\x9c\x3b\x5a\xdc\x6e\x23\xc3\x58\x58\
\xdb\x6f\x60\x00\xb9\x5c\x75\x6e\x71\xc3\x50\x0f\x02\x9c\xc7\xc4\
\xbd\xcf\x71\x01\x33\x18\xa7\xf2\x4d\xfb\x8b\x68\x89\x09\x6f\x84\
\x96\x41\x5a\xb0\x77\x99\x26\xd0\x3b\x02\x51\x4f\x50\x11\x2b\xfc\
\xee\x30\x95\x7f\x2f\xee\xf0\x69\x36\xcf\xda\x49\xd0\x57\xa0\xe2\
\xa3\xcd\x3f\x83\x11\xa0\x0d\x42\xf7\x12\x33\xdc\x11\x89\x6d\xe6\
\x20\x9e\xb5\x8c\x36\x8c\x08\xf5\x68\x52\x2d\xe0\xdf\x26\xd0\xb0\
\x6a\xb1\x80\x69\xbe\x4a\x10\x95\x26\xac\x85\x72\x1d\x7f\xff\x0e\
\xa6\x7f\x91\x0a\x1d\x40\x4b\x1f\x44\xf3\x0f\x41\x04\x6b\xe6\x55\
\xaa\xec\xa4\x28\x40\x84\xfd\xec\xc7\x78\x48\xd2\xc3\x09\x95\x2d\
\x31\xea\x41\x80\x39\x82\x9b\x8b\x91\x64\x49\x12\x94\x31\xc3\x1f\
\xd2\x54\x9c\x8d\x69\x41\xe2\xe2\x16\xb1\xca\x38\xae\xea\x75\x2c\
\xc0\x02\xda\x3a\x2c\xe9\x7e\x49\x9f\x90\xf4\x0c\xa6\xff\x60\xca\
\xdb\xe7\xf4\x41\xaa\xc7\x24\x7d\x9a\xdd\xd9\x9e\xda\x20\x57\xf7\
\x7f\xa4\xf1\xe2\xeb\xa1\x8c\x09\x5d\xa9\xd1\x94\x95\x52\x7a\x4e\
\x25\xcc\x63\x5d\xae\xd0\x24\xb5\x00\x35\x87\xaf\xb6\x9d\x52\xf7\
\x62\xb2\x7b\x30\xd5\xa6\xf9\xb6\xa9\xf4\x14\x2e\xce\xf2\x05\x87\
\x25\xbd\x45\xda\xf8\x30\x41\xf0\x49\xae\xb1\x4c\xe8\x32\xcf\xc8\
\x3b\xd7\x30\x84\xc5\xb9\x93\xdf\x1e\xa0\x35\x96\x7a\x7d\xd5\x23\
\x06\x38\x43\x16\x6d\x0a\xc1\x56\x6b\xbe\x2d\x82\xde\x89\x69\x7c\
\x34\x25\xd3\x2b\x02\xd5\xe3\x24\xa5\x4e\x13\xb7\xe4\xf9\xcd\x6d\
\x68\xe5\x33\x68\xe8\xa8\xdb\x26\x57\x91\xf6\xfd\x05\xdc\xc7\x09\
\xca\xfc\x26\xff\xbf\x0d\x21\xde\xc7\x12\xce\x38\xd9\xe7\x5d\xbe\
\x40\x2e\x4e\xe8\x72\xf9\x93\x69\x14\x69\x31\x6d\xf2\xa7\xce\xa8\
\x55\xe0\x0b\xd7\x88\x98\x82\xa8\x67\x89\x03\x4a\x2e\x58\xeb\x23\
\xd0\x3b\x24\xe9\x00\x2d\x01\x5f\x8e\x12\xd6\x62\x01\x17\xf5\x86\
\xa4\x57\x24\xfd\x56\xd2\xcf\x25\xfd\x4c\xd2\x4f\xf8\xfb\x05\x49\
\x2f\x73\xcd\x79\x7e\x6b\x3e\xe2\xce\xf2\x04\x94\x16\x6c\x5a\x22\
\x6c\x5b\x4c\x85\x4d\x84\x7a\x10\xa0\x1b\x8b\xb1\x03\xd3\x59\x0d\
\x72\x04\x49\x23\x3c\xa7\x10\xbd\xa0\x46\xcc\x61\x05\xc6\x5c\x7c\
\xd1\x8b\x19\xb6\x28\xdf\xda\xf4\x26\x33\x1b\x05\x34\x81\x99\x7f\
\x59\xd2\x6b\xc4\x10\x17\xa8\xdc\x5b\x58\x07\xdb\x74\xda\xe2\x8c\
\x93\x92\xfe\x46\x77\xf2\x11\xbe\x9b\x72\xee\xc0\x50\x70\xfb\x35\
\xef\x76\x39\x84\xd4\x10\x87\x51\xb5\xba\x80\x6b\x08\xe3\x36\xc2\
\x1d\x8f\x5e\x10\x03\x39\x2a\x61\x1f\x15\xf2\x20\x41\x59\xad\x30\
\xcd\x3b\x22\xe9\x8f\x68\xe5\x34\x15\x37\x8a\xe0\xf7\x13\xf0\xed\
\x8f\x10\xc0\x2a\xf5\x2c\xf7\xbe\x88\x8f\x3f\x03\x29\xac\xaf\xc0\
\xb2\x87\x45\xf2\x1f\xb3\xb4\x64\xce\xd1\xd2\x68\x21\x81\x24\xe2\
\x0a\x9f\x3d\x2c\x71\xbe\x17\x57\x70\x2a\xed\x54\x71\x3d\x2c\x40\
\x81\x02\x5a\xa2\xa3\x03\x41\xc6\x71\x07\x39\x04\xd0\x86\xe9\xbd\
\x93\xe7\xf4\x45\x2f\xac\x02\xd6\xbe\xbe\x8d\x50\xe7\x68\xa6\x9a\
\x16\x76\x12\xf0\x0d\x53\x01\x16\xed\xe7\xb8\x6f\xd1\xed\x20\x7e\
\x19\xf3\x7f\x95\x0a\x5e\xe0\x39\x25\x0e\xff\x5b\x4b\xfc\xd6\x35\
\x94\xe1\x12\x44\xb8\x5a\x61\x2c\x41\x3b\x32\x1b\xa1\xfc\xad\x29\
\x36\x3b\xa5\x3a\x11\x60\x10\xed\x79\x10\x73\x66\x11\x6d\x1c\xeb\
\xe3\x23\xe3\x51\x72\xee\x1f\x4b\x68\x81\x56\x43\x11\x4d\x5f\x70\
\x87\xf5\x40\x8a\x77\xb4\x7d\x92\x7b\x23\x42\x2f\x62\xd5\x4e\x13\
\xd8\x5d\xa1\xe2\xad\x6f\x63\x3d\x94\x79\xc6\x22\x04\x78\x0b\xed\
\x9e\x89\x5c\x67\xc4\xdf\xe9\x94\x27\xad\x66\xa7\x94\xe6\x83\xd6\
\xc0\x76\x4c\xe8\xc3\x04\x34\x3e\x63\xb6\x1e\xf2\x14\xda\x7c\xe1\
\xe3\x90\x60\x24\x7a\x61\x15\x28\x41\x80\x9b\x1c\x36\x38\xc5\x76\
\xfe\x36\xcb\xb5\xbb\x42\xbf\x43\x11\x0d\x3e\x0e\x09\xc6\x5c\x2b\
\x27\x4e\x94\x6e\x16\x61\x91\x78\xe1\x9f\xb4\x1c\xa6\x22\xd7\x99\
\x05\xd8\x85\xdc\xcc\x7a\xa6\x56\x6f\xa9\x3d\x68\x0d\x98\x16\x0f\
\x60\x09\x9e\x26\xc1\x71\xd0\x35\xab\xfa\xd0\x32\xeb\xe5\xdb\x01\
\x59\x0e\x48\xfa\x14\x4d\xb0\x87\x89\x84\xbb\x53\x0a\x86\xbc\x49\
\xae\xd4\x2f\x61\xdb\xc3\x77\xbb\x34\xb4\xa1\x04\x61\xae\x11\x33\
\x44\x4d\x77\x5c\x18\x09\x26\xb1\x20\x36\x58\xc4\xde\xc5\x9a\x84\
\xd6\x22\xe9\x76\xc1\x68\x2a\xa8\x07\x01\x5a\x60\xee\x30\x69\xd4\
\xe7\x25\x7d\x5d\xd2\x67\x68\xcb\xef\x23\xc0\x1c\x74\x83\x28\x2c\
\xf2\x7d\x4a\xd2\x57\x25\x7d\x57\xd2\xe7\xd0\x7c\x4b\xc2\xd4\x0a\
\x6f\x01\x4c\xf0\x1e\x6d\x90\xb1\xaf\xc2\xef\x95\xa8\xb0\x4b\xc4\
\x00\xd5\x06\x66\x45\xe2\x81\x2b\xae\x7b\xdc\x82\x46\x43\xce\x59\
\x42\x53\x92\x76\x77\xbe\x26\xd4\x83\x00\x56\x80\x2e\x34\xfb\x3e\
\x22\x78\x3b\xee\x25\xb2\xf7\xc7\x3e\x77\x9d\x75\xb7\x8e\xf2\x8c\
\xb4\x4c\xe0\x8a\x0b\xc8\x96\x2a\x58\x00\xb3\x5c\x6d\x15\xe2\x95\
\x32\x56\xe3\x66\xc4\x6d\x24\x85\x3d\x67\x11\x12\x5a\x96\x33\xfa\
\x2e\x16\x0c\xb7\xa7\x58\x7e\x29\xcd\x07\xc5\x40\x0e\xb3\xda\x41\
\x50\xf3\x08\xc9\x95\x2f\x48\x7a\x4e\xd2\xb7\xdc\xf1\x65\x49\x9f\
\xc5\x42\xec\xc1\x1f\x77\xa4\xf8\xbe\x65\x04\x3e\x49\x66\x6e\xb2\
\xc2\xa4\x0e\x23\x6e\xbe\x42\xd4\x6d\x3e\xdc\xb4\x35\x5a\x61\x49\
\x51\x72\xcf\xf1\x87\xc7\x5a\xef\x53\x35\xd2\x12\x68\x1c\x98\x1f\
\xeb\xa2\xd7\xeb\x09\x2a\xff\x9b\x92\xbe\x27\xe9\x07\x92\x7e\x28\
\xe9\xfb\x92\xbe\x43\x67\xc8\x21\x2c\x42\x6f\x24\x5d\x5a\x0b\x4c\
\xb8\x4b\xae\x3d\x7e\x3d\x21\x01\xc4\x33\x8a\xae\xcb\xb6\x5a\x44\
\x2b\x7d\xb5\x67\xad\xf7\x3e\x55\xa1\x9e\x04\xf0\x30\x93\xd6\xe2\
\x72\xfc\xfe\xb0\xd1\x33\xbe\xed\x5d\x2b\xca\x54\xf2\x84\xcb\xcf\
\xdb\x00\x95\xf1\x75\xcc\x78\xa5\xdf\x5f\xad\xa2\x6a\xc1\x46\x3c\
\x73\x4d\x6c\x16\x01\xea\x8d\x32\x26\x76\x59\xd2\x7f\x25\xfd\x9e\
\xd9\x3c\x7f\xa5\x09\xf6\x3e\x2e\x21\x73\xc8\x0a\x01\x2c\xe9\x63\
\x39\xff\xa3\x0c\xfb\x3a\xe5\xba\x66\x73\xc4\x19\xdd\xb8\x1c\x1b\
\x82\x56\x49\x46\x39\x02\xb2\x6e\xa2\xf2\x3e\x72\x05\xb5\x1c\x85\
\x75\x9a\x77\xd6\x0c\x2c\xf0\x69\x43\xcb\x2b\xbd\x5f\x6c\x54\x32\
\x6d\x51\xd4\x3a\x2a\xb8\x11\x30\xe5\x3a\x7b\xfe\x85\x05\xb0\x81\
\x9e\xd3\x6e\x18\x7a\x0f\x4d\xd2\xed\x24\x9d\x9e\xa5\xec\x9d\xc8\
\xc1\xb0\x80\x1b\x79\x9d\xfb\x27\x21\x57\x2d\x38\x48\x4c\x74\x90\
\x4a\xf5\x89\xb2\x12\x63\x0a\xfe\x42\x19\x6c\x52\xea\x0d\x9a\x90\
\xd6\x8a\x49\xec\x42\xb2\x42\x80\xf3\x08\xf0\x38\xbe\xff\x35\xd7\
\x0d\x5b\xa2\x89\x79\x37\x19\xb7\xfb\x48\x5b\xdf\x49\xf3\x73\xc0\
\xc5\x24\x86\x15\x02\xc8\x31\x84\xbf\x54\xa1\x27\x2f\x29\xb6\x23\
\xe7\xed\x2e\xe0\x33\x94\xdd\x74\xb4\x09\xfa\x0e\xce\xd1\x11\x65\
\x63\x2d\xac\x25\x91\x08\xd1\xf6\x6d\x25\x58\x16\xaf\xda\xde\xc0\
\xcd\x84\x09\xe5\x32\x26\xff\x24\xcd\xbe\xcb\x9c\x2f\x50\xb6\x7d\
\x64\x1a\x2d\x27\xb1\x97\xc4\xd5\x36\xd7\xfc\x8c\x56\x48\x89\x8a\
\x32\xeb\x60\xf3\x17\xaa\x3d\x06\x5c\xd2\x29\x57\x41\x39\x6d\x20\
\xad\x05\xca\x9d\xbc\xd3\x8a\xcb\x54\x26\x4e\x48\x45\x7f\xa4\x12\
\x9a\xd5\x02\x94\xf1\xfd\x2b\x74\xb6\xfc\x52\xd2\x3f\x5c\x0f\x5e\
\x17\x99\xc5\x9d\x92\x3e\x29\xe9\xf3\x10\xbb\x17\x9f\xdc\xe5\xc6\
\xea\x47\x2b\xa4\xec\x26\xbc\x18\xc9\x12\x6b\x5f\x04\x36\xd3\xc8\
\xb2\x7c\xd1\xba\x59\xc2\xf5\xd8\xcc\xa2\x79\xac\xc0\x31\x2c\xc2\
\x31\xa6\xaf\x25\x7a\x8f\xad\x6e\x01\xac\xcf\xfe\x8c\xa4\x57\x21\
\xc2\x4d\xbe\xef\x23\x1f\xe1\x87\x78\xdf\x4f\xd9\xfa\x20\xbe\x8d\
\xed\x8f\x56\x46\x8e\x73\x9d\xae\xbf\xa0\x50\xe3\x61\x13\x42\x2a\
\xfd\x9e\x5c\xdf\x44\x2f\x96\x69\x84\xfb\x3a\x20\xcd\x0d\x5c\x42\
\xa2\x38\xa0\xa6\x08\xb2\xc1\x51\x72\x1d\x36\x53\x98\x47\x9f\x6a\
\x2d\x60\xd9\x1e\x23\xdb\xe8\x07\x79\x36\x0b\x7a\x88\x55\xee\x72\
\x3d\x86\x85\x98\x3d\xad\xd2\x16\x27\x80\x75\xb4\x8c\x41\x82\x9b\
\x24\x7b\x8a\x9c\xef\x45\xe3\x3f\x4b\x7f\x83\x1f\x89\xd3\x2c\xe8\
\x27\x7e\xd9\x0f\x09\x86\xf9\x6e\xad\xe6\xe4\x47\xb0\x95\x09\x60\
\x99\xbf\x25\xd7\xd1\xe2\x9b\x4a\xad\xae\xd9\x57\x68\x52\x59\x58\
\x4f\xab\xb9\xa2\x1e\x17\x1c\xc6\x42\xec\x0b\x9b\x14\x96\x00\xba\
\x5d\x21\x38\x6a\x41\x58\x7d\x08\xaf\x99\x65\x91\xa7\x2c\xbd\x2e\
\x81\x15\x0b\xcd\x5c\xe8\xf5\xe0\x2d\x80\x8d\xcf\xf3\xb0\xa0\xaa\
\x2f\xa9\xd6\x34\x20\xf2\x58\x82\xfe\x04\xc3\xed\xa4\x26\x2f\x74\
\x9a\x68\xb6\xe0\xaf\x12\xac\x0c\x89\xca\xb2\xd5\x09\x10\xa7\x49\
\x94\x48\x60\x0d\x8e\xc4\x65\xd9\xea\x04\xd8\x2c\x58\x12\xea\xb6\
\x4b\x18\x59\x20\xda\x50\x08\x04\xd8\x18\xd8\x24\x90\x39\xb7\x8c\
\xdc\x64\x35\xa9\xda\x8d\x46\x20\xc0\xc6\xc0\x08\x60\x0b\x60\x4d\
\xac\x32\x0f\x70\xd3\x11\x08\x90\x2e\x96\x19\x2d\x3c\x46\x2f\xdd\
\x9f\x38\x5e\xa1\x1f\xe2\xb0\x9b\x47\x50\xed\x50\xf2\x54\x11\x08\
\x90\x1e\xca\x6e\xba\xd8\x19\xfa\xee\x7f\x24\xe9\xc7\x92\x7e\x2a\
\xe9\x17\x8c\x43\x78\x93\x9c\x7d\xb5\xd3\xe4\x53\x45\x20\x40\x7a\
\x28\x13\xe8\xcd\x90\x7a\x3e\x4f\x0f\xdd\x09\x66\x0c\xdb\x34\xb2\
\x0f\x38\x5f\xeb\xf8\x81\x54\x10\x08\x90\x2e\x16\x5d\xc0\x37\xef\
\xba\x89\x2d\x29\x65\xee\x61\x6a\x9d\x41\xa8\x75\x43\x20\x40\x7a\
\x28\xd3\xe1\x64\x0b\x59\x59\xb7\xb3\x65\x20\x57\xa8\xf8\x0f\xb1\
\x00\x0d\x31\x08\x35\x10\x20\x5d\x94\x23\x5a\x1f\x3d\x67\xe7\xa3\
\xe7\x36\x0d\x81\x00\x1b\x87\x86\xa9\xe4\xb5\x10\x08\x90\x3e\x7c\
\x97\x73\xc3\x23\x10\x20\xe3\x08\x04\xc8\x38\x02\x01\xd2\x45\x0e\
\x99\xae\x36\xb0\xd3\x9f\x6f\x08\x04\x02\xa4\x0b\xab\xe0\x4a\x95\
\x6c\xa4\x58\xed\xfc\xa6\x20\x10\x20\x5d\xe4\xdc\xac\xe7\xa8\x25\
\xb0\x73\x36\xdf\x30\x10\x60\x8b\x21\xc7\x98\xbc\x3b\x18\xaa\xbd\
\x8b\x51\xba\x83\x0c\xd6\xec\xe7\xdc\x01\xce\x37\xc4\x28\xe4\x40\
\x80\xf4\x90\x73\xd3\xcc\x6c\x89\xd7\xdd\x6e\xa8\xf6\x10\xe7\x9e\
\x60\x96\x55\x21\xfa\x80\xcd\x40\x20\x40\x7a\xc8\x31\x1e\xbf\x40\
\x65\xef\x61\x0a\xdd\x43\x1c\x07\x98\x77\x38\x02\x51\x62\x8f\xdd\
\xdf\x48\x04\x02\xa4\x8b\x56\xb7\x22\xda\x63\xac\x70\xf6\x0d\x49\
\xdf\x66\x4e\xe5\x93\xcc\x44\x1e\x0c\x04\xd8\x9a\xb0\x89\x1a\x23\
\xac\x2f\xf0\x1c\x95\xff\x3c\x8b\x5f\x1d\xc2\xff\x0f\xa5\xb9\xd4\
\x5b\x2d\x08\x04\xd8\x78\x58\x4b\xa0\x21\xa2\xfe\x28\x02\x01\x32\
\x8e\xa4\x04\x68\x9a\x4e\x0e\x10\x47\xeb\x9a\xad\x4c\x6b\x21\x71\
\x59\xe2\x12\xa0\xe1\xfa\xb1\x13\x60\x35\xf3\xeb\xfb\xe7\xa3\xd3\
\xc6\x9a\x11\x6b\x8d\x45\x58\x15\x71\x08\x60\x82\x4a\x6b\x55\xcc\
\x7a\x62\x3d\xff\xeb\x05\xd6\x4c\xe5\xaa\x84\xc4\x95\xaf\x98\x04\
\x28\x31\xd6\x6d\xda\x6d\xa8\x90\xf8\x87\x36\x01\xd6\x2e\xef\x26\
\x32\x8f\xce\x98\x5d\x71\xbb\x83\xdb\xf8\xbd\x66\x83\x69\xbd\xed\
\x59\x34\xe5\x86\xa2\xc5\x42\x1c\x02\x14\x79\xe8\x04\x3f\xb0\x54\
\x61\x45\xeb\x46\x44\xce\xcd\x98\xed\xa9\x40\x80\x65\xca\x73\x99\
\x4f\x5b\x38\xa2\x99\x60\x96\xd9\xe6\x23\x5c\x49\x3a\xe0\x34\x0e\
\x01\xca\x0c\x60\x9c\x65\xc8\xf3\x0c\x7f\x57\x5a\x61\xbb\x91\x90\
\xa7\xad\x5d\x70\x8b\x2a\xfa\xdd\x36\x8c\x00\x97\x18\xc5\xdb\x2c\
\x96\xcd\x63\xd9\x4d\x3f\xb3\x7a\xb1\xa5\x70\x62\x21\xf6\x3c\x72\
\x04\xd3\xcb\x7c\x7a\x5b\x20\x79\xc0\x09\x74\x35\x3f\xbb\x59\x30\
\xbf\xde\xe2\x26\x6b\x8c\xf1\x9e\x45\x08\xd1\x8e\x10\xdb\x58\x1c\
\xca\xb2\x73\x49\xe4\xb2\x19\xb0\xb2\x8d\x33\xef\xe0\x24\x0b\x57\
\xbe\x47\x79\x62\x2f\x60\x1d\xb7\xa0\x36\xd3\xd5\x84\x37\x8b\x6f\
\xbd\x9b\x67\xac\x15\x68\x6d\x16\xf2\x2e\x06\x98\x74\x04\x30\x8b\
\xb6\x82\x6b\x1b\xc7\x45\xec\xa3\x87\xae\xa5\x51\xb2\x74\xab\xc0\
\xfc\x7e\x89\xc9\x26\x7f\x67\xd7\xb3\xd3\xac\x81\xe8\x87\xa2\xaf\
\x8b\xa4\x95\xb6\x83\x4a\xbf\x83\xf5\xfe\x9f\x72\x26\x76\xb5\x05\
\x0e\x37\x13\xa6\x29\x47\x25\xbd\xc4\xb4\xac\x19\x2c\x82\xad\x11\
\xd4\x43\x8e\xfe\x19\xb7\x3b\xd7\x20\x04\x32\x72\x37\x02\xac\x2c\
\x2b\x98\xf9\x45\xb4\xff\x0d\xe6\x1a\x5c\x64\x36\x52\x2c\xcd\x37\
\x24\x2d\x9c\x2d\xa9\xd2\x4b\x57\xe7\x3d\xb8\x81\x61\xe7\x0e\xe2\
\x5a\x95\x7a\xa1\x8c\x9f\x3f\xc6\xc2\x8a\xb6\xbe\x6e\xd9\xad\xba\
\x39\x4a\xf7\xed\x10\x24\x18\xe5\xfb\x8e\x06\x2a\x4f\x09\xeb\x6b\
\xb3\x8f\xae\xbb\xe5\x63\xad\x85\x36\x1b\xbd\x69\x3d\x24\x25\x80\
\xa1\x05\x12\xd8\x1e\x3f\xd6\xef\x6d\x23\x5e\xaa\x7d\xee\x46\x61\
\x96\x56\xcc\x0d\x66\xe5\x8c\x45\x02\x25\xab\xec\x3e\xb7\xee\x5e\
\x47\x64\xc1\xa5\xcd\x2e\x53\x91\x77\x9e\x73\xfb\x0d\xde\x4c\x1a\
\xf5\x47\x51\x6d\xa1\xf2\x6e\x69\xf5\x02\xda\xdf\xcb\xf3\x1a\x45\
\x63\x3c\x96\x20\xc1\x3c\x42\x9b\x8e\xf8\x49\x23\x6e\x27\xa4\x1e\
\xe2\xff\xb6\x06\x2a\x8f\xf9\x7d\x5b\x77\xc0\x76\x38\x5d\xa8\xa5\
\x09\x5b\x2d\x01\xc4\xbd\x79\xf7\x19\xa7\x49\xb9\x59\x30\xff\x69\
\x42\xac\x14\x24\x59\xfc\xe2\xdd\x58\x2d\xf2\xd9\x28\xf8\x72\xd8\
\xdf\x01\x01\x01\x01\x55\xe0\x7f\x14\x99\x57\xa1\x74\xd0\xdf\x1a\
\x00\x00\x00\x00\x49\x45\x4e\x44\xae\x42\x60\x82\
\x00\x00\x1e\xa5\
\x89\
\x50\x4e\x47\x0d\x0a\x1a\x0a\x00\x00\x00\x0d\x49\x48\x44\x52\x00\
\x00\x00\xe1\x00\x00\x00\xe1\x08\x03\x00\x00\x00\x09\x6d\x22\x48\
\x00\x00\x01\x26\x50\x4c\x54\x45\xff\xff\xff\x2f\x55\xa8\xed\x1b\
\x24\xff\xff\xfd\xfc\xff\xff\xb2\xbd\xd9\x1c\x4b\xa1\x29\x51\xa7\
\x2f\x55\xa7\x2f\x55\xaa\x2b\x52\xa7\xa2\xb1\xd0\xea\x00\x00\xff\
\xfe\xff\x08\x43\x9e\xf3\xf5\xf6\x5a\x77\xb1\x6e\x86\xbf\x1c\x4a\
\xa4\x9a\xaa\xca\x4d\x6d\xac\x33\x5c\xa8\xbb\xc6\xda\x11\x49\xa1\
\x8d\x9d\xc8\x88\x9a\xc1\xb7\xc1\xda\xe7\x00\x00\xe1\xe6\xee\xec\
\x00\x0b\x43\x66\xae\xf9\xff\xff\xed\x12\x1d\x6c\x87\xbb\xc6\xd0\
\xdf\xed\x0b\x19\xea\xed\xf2\x74\x8b\xba\x3a\x5f\xab\xdb\xe2\xec\
\x81\x96\xc0\xff\xff\xf8\x1e\x4f\xa0\xf0\x00\x00\xed\x6a\x69\xef\
\x82\x85\xd1\xda\xe5\x68\x82\xb7\x4f\x6d\xb1\xf9\xee\xf0\xf7\xd1\
\xd1\xf2\xa5\xa6\x59\x76\xb6\xf0\xc3\xc0\xeb\x2f\x31\xf2\xb1\xb3\
\xf3\xd9\xd5\xe9\x39\x3e\xea\x5e\x63\xfc\xf3\xf1\xf7\xe5\xe3\xec\
\x88\x88\xeb\x56\x58\xeb\x43\x49\x00\x36\x9a\xee\x9a\x99\xea\x8a\
\x8d\xec\x75\x74\xeb\x32\x39\xeb\x78\x7c\xf3\xb7\xb9\xe9\x58\x55\
\xe9\x25\x28\xef\xac\xa8\xf8\xa6\xa1\xa7\x6b\x8c\xc7\xaf\xc3\xd1\
\x14\x35\x36\x5d\xa2\x68\x40\x83\x6c\x53\x8e\xbe\x1e\x45\xa2\x27\
\x57\x4f\x55\x96\xb1\x24\x4f\x96\x30\x66\x3b\x47\x96\x4e\x3f\x8b\
\xf6\xce\xd4\xee\xb4\xb0\xee\x6c\x73\xee\x98\x9e\xf2\x87\x8e\xdd\
\x74\x7d\xe3\x8a\x97\xeb\x6f\x6a\xec\x4c\x56\xfa\xc6\xbe\xdc\x5a\
\x5e\x2d\x00\x00\x1d\x3a\x49\x44\x41\x54\x78\x9c\xed\x5d\x07\x7f\
\xe2\x48\x96\x2f\x54\x85\x24\x44\x10\x16\x39\x08\x04\x12\x06\x63\
\x13\x0c\x26\x19\x0c\x63\x0c\x6e\x3c\x77\xe7\x0b\x7b\xa1\xdd\x33\
\x7b\xe3\xfd\xfe\x5f\xe2\x5e\x29\x03\x02\x7b\xa7\x1b\xec\xde\xe3\
\xed\x6f\xa7\xdd\x6e\x85\xfa\xd7\xcb\xaf\x5e\x95\x10\x3a\xd1\x89\
\x4e\x74\xa2\x13\x9d\xe8\x44\x27\x3a\xd1\x89\x4e\x74\xa2\x13\x9d\
\xe8\x44\x27\x3a\xd1\x89\x4e\x74\xa2\x13\x1d\x97\x30\xc2\x40\xf4\
\x07\xfa\x07\xfe\xe8\xe1\x1c\x82\x30\x0e\x63\x5c\xc4\x04\x00\x5e\
\xfc\x03\x01\xd4\xb9\x26\xe6\xcb\xc1\x4c\x25\xda\x3e\x3f\x3f\x4f\
\x00\x9d\x17\xda\xd1\x4a\xda\x5f\xd6\x44\x7a\xc1\x47\x8f\xf0\x7b\
\x09\xe7\x93\xb5\x78\x21\x5e\xca\xf8\xcb\xd5\xbc\x26\x1a\xa4\xe5\
\xab\x00\xb9\xd4\x7e\x8e\x66\xca\xda\x47\x8f\xf0\xbb\xa8\x58\xae\
\x24\x12\x95\x6c\x55\xf4\xfe\xe7\xb0\xd8\xf4\x97\x7c\x89\x74\x19\
\xff\x9c\x8c\x14\x93\x37\xf5\xb3\xac\x88\x91\x6b\xfc\x64\xbc\x7e\
\x0d\xb5\x38\x79\x3f\x5c\x57\x26\x47\x1e\xdd\x77\x12\xd8\x12\xe0\
\x5e\xa9\xbc\xc1\x3b\x22\xde\x0d\x3d\xaf\x17\x93\xad\x44\xad\x8a\
\x7e\x16\x56\xc2\x38\x89\xbf\xd0\x4e\x8a\x5b\x56\x84\x4c\xef\x77\
\xb0\x0a\x63\xcd\x5f\x88\x27\x7f\x12\xbb\x83\x8b\xe9\x7a\xa5\xea\
\x35\xd4\xe1\xe5\x72\x8f\x30\x5e\x94\xa3\xbc\xff\xd3\xbb\x11\xe0\
\x9f\x98\xe6\x32\x9a\xb7\xc0\x5d\x33\xb9\xbb\xf0\xee\x7b\x11\xca\
\x57\x78\x7f\xf1\x93\x0b\x6b\xd8\x9f\x48\xef\xb4\xff\x64\x2e\xcb\
\x57\xbb\x21\x52\x90\xd5\xca\x79\xf2\x13\x03\xc4\xa8\x79\xde\xda\
\xe3\xdf\x48\x78\xa5\xc8\xd3\xfd\x4f\x40\xd5\x76\xbc\xfa\xa3\x07\
\xf6\xc3\x48\x2c\x9d\x37\xf7\xdb\x8a\x81\xcc\x5c\xbe\xec\x7f\x08\
\xc6\xd9\x7a\xfa\x53\xb2\x11\xa3\x64\x3d\xb6\x7f\x64\x45\x72\x2f\
\x33\x6a\x03\x3d\xbd\xf1\x28\xb1\xf6\xd6\x4c\x7d\x04\x61\x5c\x69\
\x57\xf7\x0e\x2b\x8c\xf0\x83\xcc\x30\xea\x7d\xf7\x15\x04\x76\x3f\
\x80\x72\x22\xf6\xe9\x20\xe6\x13\x99\x37\x6c\x60\x98\xdc\x5f\x32\
\x80\xf0\x57\x75\x09\xb1\xcd\xfe\x18\x06\x8b\xa5\xf8\x8e\x50\xef\
\x83\x08\x74\xa7\xbc\xdf\x5d\x8f\xc7\x68\xbc\x50\x00\x21\x73\xa5\
\x4e\x51\xaf\xfb\xe6\x23\xfd\xf0\xc4\x4f\xc4\xc6\x74\xfb\xad\x14\
\x61\xbc\x18\x5e\x83\x8c\x32\x7d\x65\xa5\xa8\xe4\xee\xf1\xad\x27\
\x82\x5d\x4e\x04\x3f\x0d\xc2\x8b\x56\xeb\xed\xc0\xf9\x75\x36\xa1\
\x5a\xf8\xb0\x94\x99\xd0\xe4\xea\x6d\x1e\x82\xc1\x89\x67\xbe\x7f\
\x6c\x3f\x84\xc4\x78\xed\x1d\x61\xc8\xad\xd2\xa1\x08\xef\xc2\x8c\
\xa2\x3e\xc8\x0f\xef\x79\x30\xbe\x29\x7d\xf7\xe0\x7e\x04\x89\xcf\
\xc1\xf7\x5c\x36\x53\x1f\x01\xa1\x3c\x40\x4f\xe0\x31\x94\xd5\xbe\
\xd0\xc6\xa1\x5a\xf4\xe2\xbb\xc6\xf6\x23\x08\x8b\x09\x3f\x7e\xc7\
\x70\xc7\x7d\x75\xae\x02\x0f\x27\x64\xbc\x02\x83\x13\xea\xbd\xef\
\xe9\xe9\xf8\x87\x47\xa9\x14\xe0\x3b\x2e\x23\xc3\x15\xd3\x67\x18\
\xe5\x8a\x5c\x90\x2f\x80\x50\x99\xbe\x33\xe5\xcd\x44\x3f\x18\xa1\
\xf8\xec\x7f\x97\x4d\x27\xf3\x3b\xe0\x20\x23\xf7\x48\xf8\x7a\x45\
\x7d\x46\xc8\x3b\x17\xde\xa6\xf4\xc7\x42\xc4\xf1\x77\xe9\x20\xb8\
\xfb\x29\xa8\x1f\xa3\x8c\x60\xb4\x8f\x21\x8a\x10\x82\xb7\x77\xbe\
\xa2\x52\xf9\xd3\xc3\xfb\x7e\xc2\xa5\xcd\x40\x66\xd7\x7c\x77\x6e\
\x75\x4b\xba\x44\x4d\xf1\x9e\xba\x45\x46\xe9\x8f\x77\x69\xef\xc6\
\x13\x71\x34\xf6\x71\xba\x98\x8e\x42\x08\x59\x88\xdb\xd4\x8e\xe7\
\x77\x5c\x39\x6f\x20\x6a\x67\xee\x50\xac\xf4\xab\x8e\x10\x6c\xcd\
\x2e\x4d\x6c\xba\x9e\x18\x6f\x57\x31\x79\xce\x1e\x0a\xc0\x1b\x84\
\x93\xcf\x90\xb2\x72\x9c\x60\x51\xaa\xbd\x33\x96\x7c\x68\x10\x50\
\x44\x65\x8a\x6e\x12\xff\x64\x20\x94\xe7\xbb\x10\xe2\x6a\x42\xb2\
\x9f\xc9\x25\x34\x2c\xd6\x9b\x1f\xc1\x44\x8c\xf2\x7c\x1e\x69\xe7\
\x82\xcf\x24\x5e\x6a\xed\x1e\xc7\x72\x36\xec\xd0\xb8\xfb\x9f\x6b\
\xad\xcc\xbf\x28\x86\x22\xee\x44\x88\xb4\x38\x6b\x3d\xd5\xc7\x45\
\x8b\xa8\xfc\xfc\x11\x61\x38\xc6\xe7\x49\x84\xa2\x9c\x3d\x14\xa9\
\xb2\xc7\x2d\x76\x2f\x73\x43\xaa\x88\xff\xaa\x25\x8a\xff\xa6\x23\
\x94\x77\xd5\xdd\x28\x89\x51\x07\x22\x5b\x41\x38\xd6\xfa\x88\x28\
\xbc\x56\x03\x6f\xc5\xba\x00\xee\xbb\x78\x22\xcb\xe0\xf0\x95\x7f\
\xcf\xa0\x78\xd1\xff\x1f\xa0\x92\x8a\x3a\xd9\x77\xbd\x0b\x22\x1f\
\x01\x87\x74\xf3\x2e\xaf\xfb\x63\xa9\x9c\x80\xac\x5e\x72\x00\xee\
\x0f\x21\xc9\x5c\x1e\x01\xdf\xfe\xa2\xe1\x9b\x3c\x89\x2b\x34\x04\
\xdf\xff\x78\xd2\xb6\xa5\x23\xc0\x56\x91\xc8\xee\xb2\x61\x87\x22\
\x08\xd6\x9a\xf0\x7f\x7b\x14\x6c\xeb\xad\x1b\xa6\x32\xa3\xfc\x07\
\x78\xcf\xb3\x26\x0a\xfe\xa7\xa2\xac\xc6\x6f\xdc\x20\x3a\x1a\x2e\
\xb4\x31\xce\xde\x1c\xdb\x65\xd4\x32\xe0\x0d\x59\xde\x32\x07\xbb\
\xad\xa8\x49\x44\xfc\x12\x62\xce\x61\x94\xb5\x32\xca\xff\xeb\xa5\
\x3c\x7c\xa3\x8e\x81\xc0\x90\xd9\x10\xd9\x18\x42\x2d\xff\x8f\x1a\
\xfa\xbb\x08\x0c\x7a\x18\x65\x23\xb6\xaa\x24\xde\xb1\x46\x46\xee\
\xff\xcb\x8f\xc2\x28\x06\xf6\xe9\xbf\xbf\xec\x55\x42\xf3\x1d\x4d\
\x7b\x02\x7d\x91\x26\xd2\xea\xda\x11\x99\x88\x2f\xda\x65\x24\xd6\
\x9d\x01\x94\x77\x5c\x87\xc3\xe6\xa8\xe0\x0f\x82\xf4\x5a\x2a\x45\
\x58\xc0\xef\x88\xbb\x31\xf2\x47\xac\x37\x08\x05\xb8\xf1\xa8\xd1\
\x5b\x16\x82\x99\x1a\xeb\x08\x91\xf7\xec\x12\x4a\xe6\x4f\x00\x50\
\x8c\xd2\xbf\x50\x84\x71\x5a\x59\xbc\x9e\x74\x3a\xbd\x5e\xaf\x33\
\x9c\xec\xe4\x4d\x89\x0d\x58\x86\x2c\x88\x70\xe2\x78\x95\x62\x4c\
\x12\x79\x5c\xb5\xde\xce\x73\x51\xbc\x61\x05\x0c\xce\x75\x06\x77\
\xd3\xd1\x8a\x51\x14\xa6\x3f\x9a\x2e\xef\x1f\x87\x37\x17\xc0\x18\
\x8a\x30\xf1\xd2\x98\x31\x72\x08\x7e\x3f\x5a\xac\xe4\x9c\x3a\x6a\
\x3c\x5e\x53\x26\xaf\x73\x16\x43\xe6\x62\xa9\xa2\x90\x10\x51\x32\
\x7a\x34\xa7\x88\x83\x15\x7c\xd1\xb2\x5f\xce\x6f\x1b\x72\x32\xe9\
\x4e\x73\xab\xe9\xdd\x4b\xef\xeb\x70\x38\x04\x5e\xbd\xdc\x3f\xcc\
\xfa\x7f\x21\x30\xc4\x34\xc8\xf7\xff\x4c\xe7\xbd\xce\x98\x22\xa2\
\x3c\xc6\xc3\xde\xdd\x2c\x37\x7b\xf2\xb0\xae\xe5\x94\xc5\x44\x36\
\x8d\x51\xbc\x7c\x2c\x84\x22\xb0\xb0\x2c\x59\x3a\x52\xdf\x48\xa0\
\x60\xd8\xbd\xdb\xdc\xed\xd3\x96\xf0\xe1\x16\x5d\x93\xaa\x35\x51\
\x32\x6d\xfd\x2a\x1c\xb6\xd8\x32\x19\x4c\xe5\xf9\x35\xd9\xe4\x62\
\xda\x56\x05\x21\x8f\xca\x47\xab\x69\xf8\x41\xe7\xa3\x16\x0b\xb9\
\xf8\xe6\x3a\x68\x67\xa6\xde\x4f\x48\x71\x7b\xbe\x93\x31\x40\x78\
\x96\x47\x71\x0f\xcb\x4b\x8a\x64\x78\x15\xda\x8a\xe4\xc4\x84\xf5\
\x1e\xb6\x86\x2f\xe2\xcd\x1f\x07\x62\x0f\x61\x04\x62\x59\x4e\x59\
\x8e\x22\xb5\xae\xff\x64\x7c\x95\xeb\xee\x5a\xe9\x85\x54\x08\xc5\
\x71\xb2\xb6\xe3\xc9\x64\x38\x5a\x4c\x36\x94\x31\x69\xc9\x4a\x20\
\xa5\x1d\x4b\x13\x31\x7d\xcf\x8d\xc0\xdb\x53\xbb\xf6\xd2\x8e\xb2\
\xdc\x1d\xad\x14\xa3\x65\xad\xd0\xdc\x59\x5c\x05\xf9\xbe\x0f\xad\
\xd7\x8a\x31\x8e\x5b\x71\x13\x97\x41\x61\x50\x8f\xef\x1e\xff\x3b\
\x28\x5e\x46\x55\x8b\x85\x81\xfa\x86\xc4\x75\x14\x71\xb7\xaf\xcb\
\xb6\xd8\x76\xa2\x1e\x4d\xef\xbc\x00\x54\x38\xb7\x11\x0c\x34\x9d\
\x57\x89\x38\xb8\x8b\xfd\x3f\x94\xf2\x09\xf0\x85\x82\x33\xb1\xeb\
\x54\x94\xbd\x73\x77\x3d\xb3\x8a\x49\xbc\xc0\xf3\xf5\xb6\x21\x6b\
\x9e\xec\xe8\x8d\x36\xad\x4d\xcb\x16\x97\x20\x2a\xd6\x8f\x91\x28\
\x66\x82\x48\x4b\x58\xbe\x90\x5f\x0f\xa5\xc2\x03\x79\xe6\x59\x27\
\x34\x5a\xf6\x82\x7a\x2e\x22\xec\xa9\x9e\x91\x69\x7f\xb8\x81\xb0\
\x69\x69\x22\x5f\x20\xa8\x72\x84\x82\x06\x3e\xd7\x90\xdf\x92\x1c\
\x76\x43\x6a\x26\xb9\x47\xa2\x6e\xd7\x09\xb1\x56\x11\x31\x2e\x9f\
\x09\xfa\xc4\x04\x84\x12\x38\xb6\x70\x4d\xdb\xce\x16\xc8\x90\xe9\
\x2a\xeb\x06\x15\xdb\x59\x76\x20\x55\x06\x87\x71\xf8\x14\xa3\x09\
\x76\xc6\xce\xec\x53\x6b\xce\x9e\xa0\x49\x7f\x8e\x1a\x8d\xe2\x26\
\x17\xf3\xe7\x52\xab\x1a\x4d\x09\x96\xfb\xe6\x52\xad\x7c\x4b\x2a\
\x6c\x85\xd2\x84\x34\x96\xc5\xc6\xc3\xc6\xed\x76\x16\x0a\xf3\x89\
\x0b\x87\xef\x83\xab\x65\x51\xde\x64\x61\x40\xd8\x98\xd1\xaf\xa1\
\xa5\x8a\x87\xb9\xad\x6a\x46\x32\x12\x10\x58\xce\xc7\xd7\x4d\x80\
\x02\xcf\x71\x1c\x1f\xd9\x5e\x3d\x0b\xe7\x86\xc5\xdc\xa2\xb3\x91\
\x59\x25\x78\xde\x0e\xdd\xd2\xef\x2c\xd0\xfe\x79\xa2\x42\x1a\x94\
\x2c\xb1\x49\xae\xff\x1b\xee\x0f\xbf\xcd\xd1\xeb\xf6\x3a\xbd\x9f\
\x05\x95\x4d\xb5\x33\x3a\xef\xb9\x52\x9c\xe6\x45\x7c\x70\xdb\xd6\
\x0c\x66\xa4\x7b\xfb\x94\x5b\xf3\x37\x18\xc7\xac\x34\x0a\xc4\x14\
\x44\xe8\xc0\x54\x8d\xbb\xe2\x99\xc4\x26\xb7\x06\xb3\xa1\x2a\xbe\
\x2c\x36\x6f\xc2\x22\xcb\xf3\x90\x81\x34\x25\xc3\x26\x5e\xc4\x58\
\x5f\xc0\x2b\xa7\x1c\x3d\x16\x57\x5f\x7f\x5f\x6e\xc4\x43\x96\xcc\
\xf8\xb8\x1a\xa4\xfe\x87\xb5\xa6\x90\x1a\xc4\x90\x18\x31\xf5\x89\
\xdd\x5a\xc1\x0c\xf7\x3b\xb7\x5d\x92\xeb\x6c\x2a\x62\x0b\x64\x32\
\x0b\x66\x31\xa2\x73\x1e\xb2\x75\x7f\x8a\xe7\xb6\xeb\x67\xc3\x1c\
\x79\x5c\x5c\xe7\x26\x1b\xb7\xe3\xa8\x15\x9b\xf2\x90\x51\x25\x0f\
\x1a\xd7\x84\x51\xbb\x89\xb2\x96\xe6\x4b\x5b\x89\x2f\x79\xec\x0f\
\x57\x64\xfe\x6d\x63\x88\x80\x8c\x16\x22\x70\x15\x10\x06\x02\x12\
\xb5\xf8\x19\x09\x12\xf7\x8d\xa1\x16\x1f\xee\xc8\xa8\xd7\x58\x6e\
\xbd\xd6\xb6\xdd\x91\x2a\xca\xd6\x0e\x6a\x4c\x31\xa9\x83\x4f\x32\
\x2d\x29\x7f\x2e\x6e\x9b\xfb\xc5\xe3\x74\x70\x9d\xbb\x5e\xff\x6d\
\x89\xe3\xdb\x45\x13\xa1\x2f\xc0\x52\xed\xc5\x09\x5e\xd8\x2c\xcf\
\x5d\xcb\x93\x4e\x7f\xb2\xc5\x42\x10\x53\x2b\x17\x85\x44\x38\x7f\
\x7e\x58\x7f\x41\x15\xdd\x4a\x4b\xb9\x8a\xc7\xab\x1e\x47\x8f\xfd\
\xe2\xed\xda\x32\x3d\xd6\x12\x42\x8a\x96\x68\x90\x16\x31\xed\x05\
\x50\x50\x0a\xf0\x1b\x2a\xf5\x34\x25\xd3\xa7\xc6\x92\x6c\x22\xc4\
\xb8\x6d\xbd\xf2\x0c\x2c\xeb\x61\x15\x31\x18\xc3\x79\x9f\xa5\x86\
\x6b\xd5\x2f\x82\xae\xef\x1f\x3a\xa4\xd8\x1f\xcc\x7a\xbd\x85\xcb\
\x25\x62\x54\x95\x02\x75\xea\x38\xb1\xa1\xc1\x92\x9e\x03\x69\x52\
\x80\x6d\x22\x57\x75\x80\x80\x84\x4e\x94\x0e\xb0\x70\xf8\x00\xd9\
\xd7\x1a\xcc\x9a\x29\x36\x42\x02\xe3\xd6\x8e\xa2\xd0\x0f\xa2\x33\
\x08\x2b\xcc\xa4\x34\x50\x77\xe7\x4d\xe1\xde\x6d\x48\x96\x57\xd7\
\xe8\xeb\x68\x30\x22\x7d\x27\x38\x15\x6f\x2a\x51\x4e\x68\x53\xab\
\x8b\xc3\x3a\x42\x23\x4c\x10\x0b\x82\x70\x96\xa9\x39\x0c\x21\x9d\
\x55\xf1\xdb\x7d\xa3\x41\xc4\x85\x2c\x87\xa6\x8f\x6e\x3b\xed\x7e\
\x67\x30\x76\x50\x84\xcf\x1a\x8a\x99\x6f\x13\x9e\x2d\x14\x84\x0c\
\xe7\xfd\x90\xca\x30\xf2\x08\x06\x3c\x1b\x2c\x3a\xdd\x5b\x1b\x61\
\x9e\x13\x38\x9f\xd0\xa6\x3f\x62\xa4\x17\xcf\x22\xd4\x4d\x60\x48\
\xc0\x7c\x9c\xf4\x8b\x4b\xe4\xbe\xcd\xaf\xe5\xaf\x2a\x70\x6f\x4a\
\x17\x53\x2f\x57\x77\x43\x3b\x57\xcc\xd7\x2d\xb9\x81\x19\x3e\x3b\
\x24\x40\x91\x9a\x6b\x53\x62\x38\xea\x7b\xc3\x34\xe7\x7d\x99\xaa\
\xb2\xc2\x28\xf2\xe5\xd5\x04\x3c\x59\xaf\xdf\x9d\xba\x6c\x4d\x3e\
\x22\x39\x08\x53\x14\x61\x4a\xdf\x66\x01\xba\xc5\x4b\x6e\x84\xe3\
\xdc\xf5\x7c\x39\x5f\x42\xb2\x3f\xf9\x23\x04\xcf\x63\x64\x79\xaa\
\xd7\x6e\x68\x5d\xab\x60\x2a\x22\x98\x64\x2d\x71\x48\x84\xd5\x36\
\xc6\x51\x2b\x99\xa1\x3d\x92\xc0\xbe\x25\x85\xc7\xa8\xa1\xd1\xfd\
\xb8\x88\x87\x22\x21\xaf\x5d\x66\xf8\xed\xde\x9e\x94\x66\x39\xc6\
\x0a\x05\x03\x09\x2d\xb1\x06\x04\x1d\xa1\x98\x10\xd8\x58\x32\xe9\
\xa8\x5b\xf7\x56\x54\xbf\x42\x76\x78\x01\xcf\x18\x77\x47\x97\x74\
\xf9\x46\x56\x1f\x86\xba\x46\xb6\xac\x69\xad\x1c\xd6\xd4\xe0\x72\
\x09\x8b\xe7\x96\x37\x4c\xa2\xf0\xb8\x3b\xa3\xd2\xa9\xca\x2b\x30\
\x32\x64\xd8\x60\x42\xf2\x10\x75\x98\xdf\x6e\x87\x8a\xcb\x54\x80\
\xb1\x67\x0d\x9d\x4d\x50\x84\xc6\x08\xab\x91\x80\x7b\xb5\x85\x90\
\xd5\xd7\xee\xb7\xe5\x92\x4c\x94\x90\xd2\x18\xd2\x87\xf5\x65\x55\
\x9f\xb9\xee\x98\xd8\x15\x29\xe1\x06\xa3\xf6\x01\x17\x69\xb0\x3f\
\x8d\x34\xce\x54\x89\x48\x13\x91\xd9\x25\x95\xa6\xd0\x74\x30\x86\
\x69\x7f\xd5\x55\x11\x98\x37\x9d\xf7\x27\x0b\xa7\x1a\x81\xc1\xa8\
\x70\x69\x3d\x12\xa1\xab\x2d\x82\x11\x77\x65\x24\xe1\xd9\xfd\xec\
\x9e\x42\x16\x03\x79\x42\x9e\x42\x14\xd6\xec\xfe\x1a\xa4\xff\x4b\
\x88\x6a\x64\x08\xb4\xdb\x8a\x32\xa8\x30\x9c\x1d\xb0\x1e\x85\x21\
\xb2\xaf\x9a\xef\xe2\x53\x1a\x9a\x5c\x2a\x6a\x48\x9d\x4f\x48\xb1\
\x77\xa5\x50\x59\x65\xd4\x5c\x07\xa1\xce\xaa\xb1\x1c\xb8\x13\xe1\
\x34\x17\x10\xf4\x54\x89\xaa\x93\x50\xa0\x9b\x4c\x34\x96\x5f\xab\
\x0f\x90\xdb\x6e\x6f\xba\x7c\xa0\x29\x26\x6d\x4b\x81\xa7\xdd\xf6\
\x8a\x68\x72\xaf\x84\x54\x25\xf4\x15\x35\xcd\x35\x92\x00\xaf\xa1\
\x4c\x72\x73\x5c\x3f\x90\x2a\x49\x54\xb6\x11\x42\x84\x73\xb7\xba\
\xed\x11\x32\xb9\x53\x43\xc6\xb0\x98\x2b\x9a\xa1\x93\xdb\x86\x32\
\x71\x27\xc2\x1a\x1b\xd0\xed\x12\xa2\x8b\x82\x42\x1b\xd3\x96\xb5\
\x3a\x4c\x91\x2b\x62\x98\xe4\xc4\xc5\xbd\x42\xed\xd3\xe4\x81\xd1\
\x27\x0b\xb0\xdd\x81\xb4\xf6\xae\x56\x10\x89\xe7\xad\x55\x20\x90\
\xec\xd8\x21\x13\x28\xf0\xb6\x56\x8c\xc8\xf3\xf4\x17\x45\x34\x1e\
\x7c\xc9\xe9\xbd\x07\x2a\x98\xbe\x6b\x32\x99\x80\xb3\x1f\xf6\xbf\
\xdd\xfd\x7e\xe7\xd2\x44\x50\x23\x89\x46\x40\x34\x2b\xe1\xa2\x61\
\x8c\x2b\x10\x04\xb8\xfc\x1a\x26\x10\x2d\x2c\x96\x8d\x62\xb1\x38\
\x99\x90\xf1\x60\xaa\xaa\xba\x44\x84\x66\xa0\x84\xc4\x8e\x15\xa8\
\x21\xae\x22\xff\x21\xdb\xc0\xa3\xe0\x70\x4d\x9d\xe7\x0b\xb4\xed\
\xb7\xf7\xcd\x98\x70\x35\xc4\x80\xfb\x2a\x3e\x4e\xd5\xd0\x15\x41\
\xe4\xdb\xc3\xaa\xa7\x38\x0b\x4c\x58\xe4\x20\x7b\xba\xa9\xa2\x33\
\x8a\xb0\x85\xaa\x37\x2c\x4f\x63\x36\x27\x9e\x09\x33\xc3\xdb\xdf\
\x99\x09\x09\x37\x2e\xe5\x2f\x83\x31\x88\xe7\xca\x12\x8b\x6f\x3d\
\x12\x26\xc8\xe2\x21\x44\xfb\xc9\x03\x2e\x42\xe1\x38\x38\x7c\x53\
\x4a\xb9\x1b\x44\x8a\x0d\x73\x18\x32\x08\x6b\xb1\xf3\xc0\x84\x00\
\x2d\x18\x7c\x32\x64\x6e\xe7\xd3\x81\x7d\x9f\x18\x05\x45\xf4\x71\
\xf5\x12\xe5\xa1\x70\x53\x91\x04\x1f\xfc\xaf\xe4\x62\x45\x6f\x36\
\x5c\x3d\x34\x40\x44\x43\xba\x0e\x3e\x74\x8a\xa0\xda\x21\x63\xf2\
\x2e\xbf\x41\xce\x6f\xb9\x7c\xb0\xe0\xe5\x03\xf6\x64\xe2\xb8\x68\
\x87\x34\x34\x08\xa6\x5d\xbf\x8a\x2a\x53\x51\xba\xee\xea\x51\x0d\
\x0c\x68\x35\x06\xde\x7c\xbb\x5d\xfc\x36\xb2\xef\x4b\x47\x84\x7a\
\x1b\xf2\x03\xc3\x6d\xd3\xb5\x5d\xb6\xcd\xf1\xbf\xb8\x16\xe5\x5e\
\x07\xcb\x07\x05\x92\x8a\xf1\xc8\x90\xf8\xdc\x0a\x42\x53\xdc\x9d\
\x51\x87\xc1\x5c\x4e\x20\x98\xb2\x78\x98\x45\xe5\xb7\x56\xd4\xbf\
\x07\x61\x61\x1d\x21\x19\x5d\x86\x56\x8d\x0e\x35\x07\xb2\x6c\x74\
\xc9\x5c\x4e\x75\x0b\x33\x51\x66\xbf\xad\x6c\x5b\x83\x4b\x91\x2c\
\x0e\xf2\x92\xe9\x68\x38\x29\x11\xc4\xb1\x48\xc5\xd9\xe4\x34\x91\
\x3b\xfd\xdb\x06\xb0\x8a\x0c\x6f\x0d\xce\x41\x44\x73\xfb\x22\x92\
\xe1\x5d\xff\x32\xb4\x00\xf7\xf2\xcc\xdb\x08\x9b\x87\x44\xd8\x16\
\xed\x06\x13\x8a\x10\x8d\x9f\x1e\x45\xcb\x37\x53\xeb\xc7\xdc\x4d\
\xd0\xf5\x35\xd5\xbf\x87\xd1\xa8\xe1\xec\xe3\x0a\xd3\x75\x31\xcd\
\x1f\xd5\x97\x8d\x85\x1b\xbf\x46\x17\x07\xec\x85\x24\xb0\xc9\x8d\
\xdf\x5e\xe5\x6b\xe0\xfd\xf8\x1a\x4d\xe6\xfd\x9c\x21\x0d\xa1\xd5\
\xb2\x43\xc2\xbd\x2e\xb5\xb0\x47\x44\x68\x07\xde\x7a\x00\x4c\xc6\
\x4f\x0b\x43\x3a\x41\x7b\xae\xc0\x26\xf4\xa6\x72\x88\x26\xe9\x13\
\xa6\x3f\x57\x5c\x15\x25\x7d\x27\xb7\xae\xc4\x6c\xcc\x4c\x99\x1c\
\x19\x1d\xab\x5f\xfb\x33\xda\x23\x35\x0f\xc9\xb3\x17\x42\x3a\x7f\
\x28\x96\x48\xf4\x7f\x35\x36\x2e\x1c\x0b\xa1\x5b\x0f\xa3\xb4\xc1\
\xe2\x21\x67\xc9\xd4\xec\x69\x5c\x1c\x36\x20\xe4\x02\x56\x82\xd7\
\x47\x8d\xfe\xe8\x76\xab\xe8\x46\x0d\x31\xbb\xed\xce\x5e\x5e\x07\
\x0b\x30\xa4\x86\x9d\x09\x29\xcb\x21\x11\x9f\xa6\xb2\xd1\xc3\x28\
\x87\xae\xa8\x50\x1c\xc9\xd2\xd0\x95\x3f\xab\x94\x08\xe9\x02\x26\
\x7f\x18\xa3\x08\x41\xa6\x03\xb6\x66\x66\x72\x53\x4f\x2c\x26\x2b\
\xe6\x6a\xb6\xe9\xb8\x28\x42\x69\xbb\xbd\x69\x3a\x18\x2d\x1a\xe0\
\xf7\xc6\xaa\xc1\x39\x88\xe2\x27\x45\xc8\xc8\x2e\x8d\xd9\x9b\x82\
\x82\x1e\xc9\x5b\x50\x7f\x68\x7b\x7c\x48\x62\x48\x5f\x4f\x9a\x6e\
\x1f\x8b\xa8\x77\xab\x1a\xdc\x84\x49\xd7\xdd\x04\xb9\x53\x67\xfd\
\xce\x06\x18\x3f\x1b\x08\x48\x9b\x41\x17\x1e\xae\x06\x0c\x43\x97\
\x9c\x48\x2f\x77\x69\x3e\x44\xbd\x7d\x84\xbf\xea\x0e\x43\x61\x28\
\x42\x27\x1a\xce\x1e\x72\x01\xaa\x54\x76\x6a\xec\x34\x6a\x7b\x54\
\x55\x1a\xfa\x4f\xee\xe4\x4b\x9d\x7d\x10\xd8\xbc\x3e\x42\x18\x37\
\x86\x60\x60\xac\x30\x33\xbb\xb5\xcb\x2c\x56\x24\x13\x85\x42\xa2\
\xbc\xb9\xed\x69\xf9\xfb\x54\xa1\x11\xd0\x78\x22\x92\xc7\xa9\x6c\
\x31\x52\x86\x14\x43\xec\xce\x54\xb9\x8b\xb0\x66\xc7\x34\x79\x5a\
\x49\x39\x1c\xc2\x5a\xd6\x89\x81\x23\xb4\xd2\x36\x9e\x58\x49\x85\
\x3e\xa8\xc5\x1c\xa4\xeb\x8e\xc9\x29\xb4\x8a\x31\x97\x17\xb2\x65\
\x6b\xc8\x78\x32\x7c\xec\xce\x7f\xff\xeb\x5f\xff\xfa\xbf\x83\xce\
\xe4\xba\xe8\x7a\x28\x56\xbb\x2a\xa4\xf6\x10\xb0\x87\x98\x65\xa7\
\x38\xb9\x1f\xd9\xcf\x9b\x75\x69\x1c\x88\xcc\x4a\x2b\x7d\xab\x00\
\x31\xc7\x21\xbb\xf8\x20\xe8\xd5\x9c\xda\x25\xb8\x2f\xd2\xb9\x62\
\x2c\xe9\xcc\xfd\xd1\x03\xb8\xba\x93\x56\xfa\x80\x50\x04\x25\xbd\
\x07\x46\x13\xdc\xb9\x9f\xf6\x73\x21\xe6\xf5\x8f\xc6\xdd\x5d\xe3\
\xe1\x4b\x3f\x27\x8f\xbe\x75\x3b\x58\x6f\xb7\x09\xa3\xc1\xf4\x5b\
\x88\x76\x7d\x8f\xf4\x4c\x93\xaa\x60\xe7\x41\xb6\x1e\x4a\x0d\x34\
\x71\x56\x67\x68\xea\x55\x39\x60\x29\x0a\x67\x33\x48\xb3\x7a\x30\
\x74\x7d\xea\x9a\xc6\x45\x95\x17\x20\xad\x8e\x32\x2e\x80\x49\xc5\
\x7b\x99\x59\x80\xff\xb8\x92\x43\xf2\x6d\xb7\x73\x11\xd6\xcd\x3e\
\xcd\x3d\xf0\xe4\xf1\x0e\x60\x4e\x1f\x75\x16\x8f\xe6\x86\x6d\xfa\
\x62\x72\x4e\x9d\xfe\x8d\x84\x07\x23\x5b\x5a\xe9\x6a\x9b\x63\xdf\
\x30\x35\x06\x87\xa3\xe6\x0d\x78\x0c\xcb\x33\x81\xd5\x27\xa6\x34\
\xf5\x41\x65\x86\x77\x8a\x29\x5d\x8a\xaa\xe8\x75\xfd\xf1\x8a\x51\
\x00\xde\xe2\x6e\xab\xca\x4f\xe9\xfa\xf1\x56\x0e\xbd\x0e\xae\x3b\
\xfd\x87\xcb\x06\x5d\xa9\x18\x9a\x4e\x90\xe6\x4d\xf0\xbc\xc9\xdd\
\x22\xa4\x67\x51\x39\xe4\x14\x87\xea\x25\xbd\x1a\x76\x38\xca\x9f\
\x63\x64\xb5\x0a\x71\xf0\x32\x02\x32\x29\xcb\x57\x3d\x2c\x0e\xbe\
\x84\x8c\x39\x07\x2f\x3d\xfb\x6d\x6c\x54\xc9\xba\x21\x59\x7d\xe8\
\x84\x91\x17\x40\xda\x97\x00\x20\x43\xea\xe2\x8a\xee\xa4\xa1\xf9\
\x83\xed\x6f\x4c\x15\x2c\xd2\x60\x10\xa4\x03\x39\x95\xa8\x7a\x06\
\x61\xe1\x90\xe7\x2f\x84\xeb\xae\x92\x49\x81\xf6\x3e\x3d\x4c\x41\
\x3a\x6d\x65\xa4\x66\x7e\xd9\xe9\x74\x1f\x9e\xf4\xd2\xbc\x38\xba\
\x7f\x63\x2b\x25\x99\xdc\x33\x97\xba\x16\x92\xc9\xcb\xf2\xbe\x03\
\x31\x83\xfd\x24\xc8\xf2\xc1\xc9\x7e\xf9\x03\xc2\x5b\x8d\xb7\xaa\
\x89\x49\x54\x6d\x1f\x10\x20\xb8\xfc\x2a\x4a\x5a\xd5\x59\xa3\xdb\
\xab\x38\x99\x5b\xf0\x18\x65\xf5\xda\xed\xdd\x2f\xe8\xc4\x43\x10\
\xd0\xdb\xdd\x8f\xe0\x82\x88\xc0\x41\x5c\x93\xce\x5d\x9f\xde\x25\
\xf7\xe7\x8f\x4f\xd3\x95\x62\x31\x92\x99\xc3\x4c\x81\x6b\x69\x5a\
\xef\x64\xab\x87\x75\xf8\xba\xbb\xa8\xd6\x9d\xf9\x84\xd0\x45\xaf\
\x16\x19\xb4\xb8\x6a\x2c\xfb\xa6\x63\xd4\xc7\xb7\xec\xbc\xa7\xf0\
\x57\x1c\xfe\xbe\xba\x34\x45\x5c\x81\x48\x74\xd9\xf8\x63\xc4\xd8\
\x0f\xd1\x5b\x51\xad\x50\x31\x90\x10\x71\xfa\xb0\xcd\x0a\xc9\x0a\
\x0e\x5b\x8d\x58\x5c\x0d\x5c\xc1\xd4\xc6\xc7\x8c\x66\x2b\xd5\x1c\
\xa8\x3d\xbe\xd9\x40\x44\xfb\x77\xb6\x85\x07\xaf\xf6\xa4\x98\x92\
\xa0\xae\x66\x23\xe7\x19\xb3\x30\xc6\xd6\x9a\x2c\xa4\xdd\xe8\xc0\
\xdb\xf5\xf3\xcf\xae\xea\x6c\x1b\xe3\x6b\x99\xd9\x4b\x8a\xdc\x1f\
\xec\xd5\xc4\x97\x85\xac\xec\x7f\x44\xe8\xda\xa5\x86\x31\x24\xd6\
\x0f\x0a\x10\xa3\x84\x86\xfc\x76\xdc\x56\xc5\xe1\xdb\xdc\x1b\x23\
\x54\x2e\xbf\x4c\xb6\xd6\xcb\x2c\xba\xfe\x12\x7a\xe3\x6e\xf5\xf2\
\x15\xa3\xa4\x15\x77\x47\xca\xb8\xd9\x3e\xec\xfa\x21\x2e\x25\x91\
\x53\xd9\x8b\x41\x34\xd6\x6d\x4c\x43\xea\xde\x51\xaa\x2b\x4f\x7f\
\x08\x34\xe9\xef\x17\x01\x90\xf2\x06\x58\x63\x5c\x31\x85\x34\x20\
\x85\x69\x58\xf5\xbe\xfd\xa7\x7f\x96\xb2\x15\xa7\x66\x22\xc4\xf5\
\x5f\x81\x21\x54\x2e\xf7\xb1\x42\x61\xbc\x1b\xd7\xaf\xfb\xfb\xa6\
\x46\x95\x55\x5a\x20\x81\xeb\x44\xb3\x4b\x85\x96\xe9\x0e\xad\x86\
\x74\x4b\x65\xd8\x2e\x64\x04\x52\xb4\xbe\x4e\xf3\x04\xdc\xbb\x52\
\xe5\xdd\xc3\x55\xbf\x78\xee\x3d\xf8\xb6\xf3\x0e\x88\x02\xd5\xdb\
\x17\x6c\x3e\x3c\x6b\x85\xc2\x92\x1f\x69\x85\xc3\x72\x10\xe8\xa6\
\x89\x9a\x96\x22\x72\x15\x5b\x27\xc8\xf8\xf1\x6a\xb5\x13\x64\x68\
\xb8\x2d\xa7\x64\xbc\x4b\x44\x55\x79\x75\xf5\x32\x76\x94\x37\x6e\
\x76\x0c\xd1\x46\x48\xff\x61\x1b\x15\x28\x05\xd3\x08\x5b\x31\x94\
\xcf\x69\x15\xa4\xc3\xb9\xee\x2d\xfb\xde\x3a\xe9\xb5\xb1\x99\x74\
\x3c\x11\xd2\xfa\xd3\xcb\xb5\x3b\x52\xa8\x5a\x0d\x43\xdc\xd9\xc1\
\xd7\xb8\x11\x3d\x7f\xed\x1c\xe3\x8c\xdd\x69\xb6\x56\x73\x81\x74\
\x48\xec\xdc\x31\x21\x75\x4b\x29\x65\x2f\x97\xf1\xb8\x85\x50\x51\
\x43\x4a\xa3\x07\xdc\x5b\xe3\x93\xb5\x88\x4f\xb3\x19\xf1\xf0\xfb\
\xf4\x30\x15\xd3\xbc\xbd\x99\xa4\xb0\xdd\xce\x4d\x86\xf3\x91\xba\
\xe1\x42\x3c\xb7\xe2\x0d\xd6\x11\x42\x48\xeb\x95\x85\x60\x8d\xb3\
\x24\x06\x72\xc3\x23\xb4\xd0\x62\x94\x3d\x43\x76\x7e\xe1\x63\xb7\
\xf3\x6d\x6a\x1f\x86\xf7\x33\x55\x5d\x43\xe8\xf1\xa8\x27\x37\x42\
\x55\x1d\xdd\x0f\x8b\x1e\x61\x2c\x4e\x5b\x42\x2a\x65\x20\xc7\x38\
\x46\x2f\xbb\xc8\x89\x4e\xb1\x86\x2e\x06\x6e\x50\x71\xb2\x9c\x4d\
\x97\xdd\xee\xb2\xaf\xec\x47\xe8\xe6\xe1\xea\xe1\xbe\xbb\x9c\xce\
\x1e\x86\xc5\xcd\xab\x34\xbb\x67\x53\xca\xa3\x6a\xe1\x20\x90\x36\
\x29\x1d\xc4\x38\xe1\xb3\x5e\xbb\xd5\x61\xd8\x83\xe0\x54\x01\x0e\
\x8e\xae\x66\x0e\x42\xaf\x63\x85\x5c\x7a\x38\xba\x1a\x31\xfa\x6d\
\xf2\xc6\xa1\x27\xc4\xd9\x7c\x54\x8f\xe2\xa3\xb4\x08\xeb\x2d\x4e\
\x04\xfb\x9d\x0d\x25\xeb\xad\x5f\xe1\xb1\x95\xfb\x30\x2e\x55\x94\
\x1f\x3d\xf4\xb0\xe7\xe2\xa1\x62\xe5\x5f\xca\x46\x42\x59\xb5\x8a\
\x6c\x01\xba\x7f\x4d\xb8\x38\xce\xe9\x83\xad\x2c\x22\x16\x13\x79\
\x76\xdd\x41\x91\x5e\x68\xd3\x42\x32\xfa\x59\x0a\xdb\x8f\xf1\xf4\
\x16\xa1\x75\x5b\x83\xa3\x9c\x39\x95\xb4\x5b\x37\x73\xac\xb3\x95\
\x9a\xa0\x7c\x76\xf8\x1d\x60\xd7\x3d\x54\xd7\x6b\xdc\x72\x67\xfb\
\x29\x64\xe8\x79\xe5\xfa\x76\x14\xbf\xbd\x2b\x48\x2a\x63\xf1\x3d\
\xdb\x1c\x7f\x0c\xb5\x92\x18\x17\x2c\x31\xe5\x0b\x6b\xc1\xfe\x83\
\x97\xcb\x97\x3d\x4e\xc1\x20\x63\xaf\x2b\xd5\xb9\xfb\x1a\xcd\x67\
\xc7\x16\x2d\x8c\x62\xc7\x3b\xe5\xac\x0a\x5e\xdf\x2a\x66\x80\x9c\
\x66\xdc\x46\xfe\xd5\x2b\x06\x57\x3d\xb6\x99\x10\xe2\x79\xa5\xbb\
\x37\xd5\x69\x99\x0f\xd4\xab\x58\xdc\xec\x65\x3c\x24\x95\xfc\xd8\
\x79\xbb\x2f\xe5\xda\x35\x47\x56\x1e\xc3\x56\x56\x9e\xe5\xb6\x91\
\xd7\xa5\x33\xd7\x05\x41\xdb\x9e\xd1\x36\xfd\xda\x61\x5b\xf6\xd6\
\x49\x83\x80\x34\x6f\xef\x61\xe5\x5d\x3b\x59\x8a\x97\x6f\x0d\xdb\
\xa1\x5b\x2f\x26\xae\xac\xb9\x08\x63\xb0\xa3\xd6\xce\x95\x14\xbc\
\xaf\x7e\xcc\x7d\xc0\x38\x5d\x43\x76\xcf\x02\x28\x49\xdb\x4e\x69\
\xc6\x5e\xa6\x74\xc7\xe6\xfb\x3b\x2f\x45\xcc\xd9\x2f\xd1\x9c\xcd\
\xdc\xb4\xbe\x7e\x93\x3c\xe2\x7e\x75\x8c\x49\xa2\x09\x29\x86\x25\
\xa7\xbc\x64\xbb\x8c\x8e\xa7\xb3\xf0\x0a\x69\x36\xc2\x36\x8b\x42\
\x96\x3c\x88\xb6\xa3\xd0\x33\x5f\xba\x63\xee\xa8\x3b\xf2\xcb\x05\
\x82\x9a\x75\x67\x92\x2d\x1d\x79\xf4\x44\x38\xf0\x7c\x46\xcf\x4b\
\xa2\x73\xa6\xd9\xc5\x15\xe7\x44\x0a\xf0\x12\x62\xe2\xd8\x87\x2a\
\xa0\x4a\xcc\x2d\xa7\xbe\x88\x99\x47\x0d\xbc\xf8\x92\xfb\xea\xf9\
\x88\x89\x17\x42\x33\x95\xc4\x35\xd7\x89\x14\x59\x84\x5b\x07\xdf\
\x2b\xb3\x45\x62\xbd\xb9\x76\xb4\x49\xc4\xe8\xfa\xbe\xf7\x94\x3c\
\xef\xfd\xbb\xd8\xd3\xe5\x1b\xa7\x7f\x66\x52\xf6\x93\x53\xa0\x02\
\xd9\xf6\xf1\x4f\xfe\xc0\xe5\x84\x88\x5c\x27\x63\x04\x24\x1d\xa2\
\x67\xed\x65\xe5\x1d\x4d\x92\x99\x87\x31\x95\x69\x9f\xbf\x93\x63\
\x1b\x0b\x6a\x79\xf6\x98\x07\x2a\x98\x84\x51\xa6\xe4\xb4\x98\xeb\
\x10\xa9\x20\xbd\x7a\x20\x54\xbe\xec\x40\xe8\x15\xff\xe8\x47\x64\
\x39\xa7\x19\xf8\x78\x3e\x8f\x70\x3c\xfb\x21\xa7\x44\xe2\x28\x40\
\xca\x3a\xd2\x14\x48\x41\x54\xb5\xf0\x60\x8b\x7a\xb7\xe3\x09\x73\
\x0f\x31\x55\xa7\x08\x97\x1c\x0e\x42\xd8\x8b\x51\xed\xf0\xe5\x27\
\x6f\x12\x69\xd3\x41\xcc\x3e\x14\x00\x34\xa6\x24\xce\x3d\x4a\x51\
\xf2\x8e\xcd\xdd\x64\xbb\x52\xc3\x28\x97\x0d\x2d\xee\x1c\xf9\xc1\
\x4b\x49\x88\xf2\x37\x37\xc4\x1f\x8f\xaa\xf5\x3c\x4c\xb0\x33\xe1\
\x3e\xb6\x9d\xef\x8c\xb6\x86\x1d\xea\x6c\x65\xee\x3a\xe1\xe1\x96\
\x31\x55\xfb\x7f\x2b\xdb\x5b\xf0\x0d\x13\xad\x2b\xfc\x87\x51\xb9\
\xae\x61\x5c\x4a\xd9\x53\xee\xe3\xea\x49\x3c\xdf\x58\x8b\xd8\x7d\
\x60\xd2\xf5\x26\x03\x43\x8d\x71\x30\xe5\x00\xe4\xa5\x18\xc6\xd5\
\xa3\x1f\x2f\xb4\x46\xd9\x67\x48\xf1\x4b\x8e\x5d\x80\x59\x2f\x15\
\x27\xd3\xb5\x52\x9b\x32\xda\xb5\x43\x3f\xbc\x66\x4c\x15\x79\x36\
\xd4\x6e\x1c\x09\xa5\x71\x04\x86\x10\xf8\x38\x07\x29\xec\x1a\x22\
\x8e\xb5\x31\xc6\xb5\x88\x6b\x58\xf5\x44\x16\xbf\x2c\xdc\x15\x8a\
\xdb\x9d\xf7\xbb\x7d\xcb\xe5\xe2\xa5\x18\xe4\x1c\x07\xeb\xe3\x23\
\xc0\x41\x2d\x71\xc8\xbe\xf5\xb7\x09\xd0\xc5\xe2\x64\x1d\x22\xef\
\x4b\x45\xab\x17\xf7\xaa\x8d\x71\xcf\x11\x89\x4e\x7c\x20\x2b\xbf\
\x5e\x34\xdb\x6e\x61\xd0\xc3\x24\x8d\xff\xf0\x23\xda\x01\x62\x41\
\x44\x38\x96\x72\x8f\xad\xce\x56\xc4\xf1\xdc\xea\x39\xd8\x11\x95\
\x52\x32\x8b\x3a\x4a\x88\xf9\x35\xac\xb5\x5c\x1a\x08\x8e\x9e\x4d\
\x22\x9c\xff\x60\x0e\x1a\x84\x83\xb4\xc1\x25\xc9\xb9\x04\x35\x10\
\xe0\xa4\x8c\x76\xf1\x9b\xd1\x7a\xea\x55\xc2\x30\x69\x48\xff\x5d\
\x95\x67\x4f\x17\xd5\x4a\x84\xe3\x5d\x8f\xe0\x20\x79\x01\x5b\xfd\
\xc6\x09\xd3\xc7\x21\x7a\x4c\x7c\x15\xa1\xe6\xf9\x9a\x88\xf9\xd8\
\x7a\xa5\x1a\x7e\xbc\x95\x65\x75\xcf\xc1\x65\xb8\xaf\xd2\x8e\x9b\
\x62\xf9\x8c\xe5\xd6\xee\x96\xe2\x10\xa6\x95\x3f\xd6\xc8\xb8\xa9\
\x49\xb7\xad\x8b\x67\x29\xc1\xc5\x04\x88\x46\xd8\xb8\x5f\x1c\x77\
\x67\x5b\x5b\xbb\x6d\xc2\x64\x34\x7d\x19\x6b\xc1\xc2\x3a\x3e\x9e\
\x8f\x64\x68\xa7\x57\xfd\x43\xdd\xc4\x1a\x61\xed\x9c\x6e\x64\xf6\
\xd7\xd7\x19\xc1\x73\x2c\xdb\xca\xee\x8b\x99\xb1\x98\x0f\xb6\x53\
\xac\x10\x58\xbb\x4d\xf2\xd1\xc2\x4f\xe9\xe6\x53\x9d\xca\x5e\x2c\
\x45\x61\x3c\xf9\x28\xbb\x36\x56\xaa\x4f\x6c\x24\x9e\x49\xe6\xd7\
\x3f\xa8\x63\xf4\x9b\x8a\xd5\x6c\xad\x10\x61\x85\x8d\x3b\x04\x30\
\x53\x90\x4d\x14\x3e\xd9\x07\x12\x20\x78\xe4\xa9\x55\xf0\x0b\x5c\
\x60\x03\x24\x2f\x00\x2b\x0b\xd1\x4a\x30\xd9\xac\xe6\x35\x4a\xd5\
\x6a\x33\x1b\xab\xdc\x9c\xb3\x2c\xc7\xf1\x9b\x57\xb3\x09\xea\x1f\
\xfc\xf5\xc3\x6e\xbb\xff\x53\x54\x7d\xa6\x6b\xde\x5a\x25\xb2\xc9\
\x14\x9d\x31\x1c\xc7\x4a\x80\x88\x07\x77\x09\xc2\x2b\x49\x00\xce\
\xe3\xba\x80\x90\xca\x88\xb4\x44\x13\xfd\x80\x7c\xf0\x2d\x82\x11\
\xc5\xea\x54\x7f\x9a\x51\xd6\x6d\xf6\x9d\xd1\x07\x78\xa0\x80\xfe\
\x47\x60\x93\xd1\x96\x48\x57\x34\x5d\x9f\xfd\x9f\xc1\x49\x78\x51\
\xb5\xdd\x82\x74\x15\x97\xa3\x12\xe7\x05\xe0\x0d\x62\xd9\x12\xdd\
\xbe\xde\x8c\xef\xfb\x92\xcb\x47\xd3\x45\x96\x4f\x53\xa3\x52\x6e\
\x45\xd8\xb7\x21\xb9\x89\x97\x22\x95\x2a\x95\xf2\xd2\xf3\xd1\xce\
\x9d\xfb\x33\x44\xe3\xd4\x7a\x8c\x7e\xcb\x2a\x9f\xb1\xb7\x39\xbd\
\x4d\x02\x27\x9d\xc7\x28\xe3\xb4\x5a\x3d\xb8\x79\x44\xe1\xe7\x23\
\x2d\xc3\x67\xa8\x9d\x20\xc9\x56\x82\xf5\x32\x27\x9b\xf0\xea\xec\
\x79\x45\xe7\x5b\xbe\xc6\x7f\x9e\x4f\x5a\xec\x21\x90\xb4\xd8\x73\
\xc9\x38\x19\x22\x59\x4b\x44\x20\x5e\x01\xeb\xe2\x25\x98\x60\x3a\
\x39\x29\x52\xa8\xe9\xdf\x67\x03\xed\x3d\xf7\x7f\x2a\x1f\xbf\x8f\
\x20\x54\x2d\x3c\x07\x35\xa4\xbb\x75\x7f\xab\x1e\x89\xb0\x75\x4e\
\x10\x2c\x0b\x0a\x7f\x0a\x02\x57\xaf\x4b\x91\x44\xc5\xaf\x9f\x31\
\x87\xf3\x69\xfe\xe6\x53\xeb\xdf\x26\xc1\x58\xf3\xe9\x44\xdc\x6f\
\x7a\x35\xad\xec\xaf\x45\xe3\x09\xdd\xf7\xb3\xd4\x2b\xf2\xe7\xed\
\xb3\x8c\xbf\x69\xec\x93\x0d\xe7\x63\xe7\xcf\x54\x0d\x7f\x26\x84\
\x94\x30\x6a\xa6\xdb\xed\x4c\x59\xb3\x0a\xde\x44\xcb\x43\x34\xd3\
\x6c\x56\x21\xb4\xb1\x8a\x6f\xf4\x13\x97\x85\x78\x6c\xff\x77\x94\
\x3e\x29\x19\x6d\xec\x79\x7f\xa5\x50\x28\x05\xcb\xf9\xed\x6a\x9b\
\x58\x2d\xc7\x5a\xe7\xed\x5a\xf2\x13\x7b\xbf\xf7\x10\x38\x47\x31\
\x19\x2b\x15\xea\x89\x9b\xb3\x74\xcc\xef\xcf\x66\xb3\x7e\x7f\xac\
\x76\xd6\x4e\xd4\x0b\x95\x60\x79\xfb\x94\xa2\x9f\x97\xb4\x66\x39\
\xe9\x8f\xc5\xd2\xe9\x74\x2c\xe8\x4f\x96\x77\x7d\x9b\xf4\xe7\xa5\
\x6d\x37\xfe\x0f\xc4\xbd\x13\x9d\xe8\x44\x27\x3a\xd1\x89\xfe\x5f\
\x91\x71\x1c\xf2\x47\x8f\xe2\xa0\x84\x45\xf1\xd3\x97\x20\xf6\x13\
\x4e\xfa\x29\x65\xf5\x9c\x3c\xaf\xff\xec\x37\x16\x4f\xe8\xe7\xaa\
\xb3\x95\x9b\x42\xa1\x7d\x16\xb4\xb6\x5e\x95\xfd\x16\xe9\x31\x28\
\xae\x3a\x7f\xa7\xdf\x8c\x77\xdd\x6d\x5c\x29\x8a\xfe\x6d\x12\xdd\
\xf7\x99\x94\x3c\x5c\xb3\x37\x8e\xa7\xf4\x14\x56\x5f\x31\x49\x46\
\xe8\x8f\x11\xab\xa1\x2d\x18\x60\x05\xc8\xe3\x39\x48\x72\x2b\x46\
\x54\xdd\x32\x2e\x86\x6b\x0c\x1c\x99\x88\xf9\xf7\x5f\x00\x61\xd6\
\x7d\x77\x8d\xfe\x25\x92\xaf\x5a\x17\x38\x14\x81\x57\xf9\x37\x7e\
\x2d\x1d\xb0\x3f\xca\xe8\x9a\x35\xb7\x38\x1b\x7b\x2e\xe8\xd9\xb2\
\xc0\x41\xb1\xe5\x6a\x81\x91\x9e\xf5\x0b\xce\xec\xdd\x3c\x7a\x4f\
\x1a\x6e\x5b\xff\x1e\x81\x19\xc8\xea\xd5\x46\x73\x57\x91\xbe\x19\
\x2e\x95\xcf\xbb\xba\x3a\x4c\xa2\xa7\x48\xfa\x53\xeb\xbf\xe3\xa2\
\x07\xe4\xe1\x0e\x84\x08\x1b\x00\x03\x01\xa3\xb4\x66\x7c\x3a\xc8\
\x46\xc8\xe9\x5b\x79\x34\x67\x5f\x81\x68\x75\x1a\x6d\x22\x74\x97\
\x1f\x03\xf4\x79\x3a\x42\xd6\xf9\x0d\xfd\xaf\x70\x73\x60\x84\x01\
\x0f\x84\xc6\x34\xf3\x92\xaf\x60\xb4\x52\xd0\x26\x0a\x07\xa1\x7e\
\x06\x9d\xb3\xcf\xc6\x40\x28\xad\x23\x0c\x04\x00\xa1\x21\x8e\xd6\
\x9e\x5f\x5d\xa0\xf3\x36\x42\xc1\x96\xd2\xf8\xf1\x11\x62\x63\x03\
\x3b\x9b\x09\xe3\xaa\xbe\x98\x14\x60\xdd\x08\xf5\xf3\x3c\x71\xc6\
\xea\x23\xd9\x89\x50\x4b\xeb\x64\x5c\xc6\x67\xe8\xcf\x35\x9b\x87\
\x42\x34\x6d\xd1\x01\x4f\x6f\xd9\x81\x10\x1b\x9b\x2f\x04\xba\x2d\
\x01\x1b\xbf\xa6\x67\x05\xeb\x08\xf5\x45\x9a\x14\xfd\x3c\x33\xdd\
\xb4\x18\xd8\x8b\xd0\xac\xed\xe8\x9b\x55\x02\xbc\x7d\x5e\x81\x81\
\x50\x72\x35\x98\x1e\x1d\x21\xba\xe1\x9d\xe1\x8a\x7a\x51\x94\xfe\
\xfa\x4c\x3f\x24\xf1\x3c\xa0\xff\x0b\x16\x53\x80\xf6\x7c\x3f\x42\
\xba\x2a\x80\x89\x85\x10\x9b\xf5\x7d\x1b\x21\xb6\xe9\xd8\x08\xcd\
\xed\xf2\xe6\xf7\x58\xda\x12\xd5\x95\x8a\x89\xb0\x75\x43\x8f\xd9\
\xa3\x7d\x9a\x92\x8f\x8f\xd3\xbf\xec\x43\x48\x29\x6c\x22\xb4\x95\
\x6d\x9b\x87\x87\x23\xd3\x96\x0a\x1a\x9d\x47\x07\xa1\xf9\x19\x11\
\x73\x4f\x42\xac\x96\xce\x64\x6a\x41\x03\x21\x57\xa1\x67\xe9\x0b\
\xcf\xa0\x86\x82\x8f\x4b\xb7\x7f\x12\x84\x3c\xad\x09\x26\x8d\xcf\
\x00\x50\x84\xc6\x68\x05\xa3\x85\xd0\x39\x8b\x4d\x47\x58\xd3\xff\
\x91\xd5\xd0\x0d\xe7\x93\xca\xdf\x81\x90\x8d\xe9\x2b\xe4\xda\x81\
\x8f\xd5\x37\xfa\xba\x03\x12\x25\xc3\x86\x53\x84\xfa\xb9\x1c\x01\
\xeb\xac\x60\x9b\x0c\x1e\xe6\xa9\x09\x95\xca\x62\x82\x07\x93\x5a\
\xf8\xf3\x08\xf9\x7a\x8a\xd2\x2f\x87\x65\xa5\x6b\x27\x90\x45\x14\
\x61\xda\x40\xd8\xde\x70\x53\x06\x42\x4c\xdb\x45\xa5\x60\x53\xa2\
\x27\xbc\x7d\x0f\x42\x7d\x6d\x3c\x70\x60\x61\xdd\x81\x50\xef\xca\
\x0e\x70\xde\x08\xf5\x7e\x7e\xae\x12\x64\xe9\x3e\xde\xef\x40\x68\
\xd2\x71\x10\xf2\x3c\xfd\x8c\xad\x8b\x87\x9c\x81\x70\xc3\x88\x9b\
\x08\xa9\x0c\x0b\x85\xa8\xe0\x4b\x25\xbf\x0b\xa1\xfe\x56\xe1\x48\
\x08\x0b\x6d\x48\x93\x8c\x63\x07\x74\x3d\xac\x1b\x7a\xe8\x8d\x50\
\xff\xbc\x17\x75\xfc\xbc\xf6\x5d\x52\xfa\x0c\x2f\x05\x3a\xec\xa7\
\x2c\x77\xf8\x43\x7d\xb4\x01\xf3\x14\x6b\x6a\x46\x0d\xa7\x6c\x22\
\xd4\xac\xa3\x50\x6e\xd0\xf7\x20\x3c\xa2\xb7\xd8\x46\xa8\x1f\x0f\
\x0d\xa1\x8c\x81\xb0\x1c\x39\xbf\x39\xab\x65\x6d\x84\xc8\xec\x4c\
\xa7\x1b\x31\x7f\x56\x84\x79\x23\xa6\x61\x8d\x85\xc0\x2c\x0b\x4a\
\x4a\x3f\x9e\x6b\x22\xc4\xe6\x17\x3f\xe8\x7e\x61\x17\x42\x3d\x0e\
\x37\x11\xea\x9f\x00\xfb\xc4\x08\xb1\x71\x12\x08\xcf\xd2\xf8\x1a\
\x1b\xde\xd1\x8a\x4b\x29\x0f\x8d\xb8\x9c\x9e\x78\xe8\x42\xe8\xce\
\x4c\x8c\xaf\x9e\xa4\xb4\xbd\x08\x61\x32\xc2\x16\x1d\x3f\xf2\x4e\
\xeb\xbb\x59\xb9\x33\x3d\x94\xd1\xad\x91\x54\x76\x10\xea\xdf\x5e\
\x31\x8e\xeb\x71\x10\x36\xf5\x7c\x58\xff\x66\x02\xd6\x3f\xc6\x19\
\x60\xd1\x5e\x84\x1f\x1a\x79\x23\xcd\xd8\x37\x43\x0f\xc9\xb8\x48\
\xd3\xdd\x17\x01\x36\xec\x20\x14\xe9\x90\xf9\x7a\x7a\x0d\x21\x31\
\x6e\x91\x82\x61\x24\xea\x27\x5f\x70\xd6\x87\x9c\x76\x20\x14\xda\
\x25\x8b\x6a\x1f\x90\xe3\x1b\xe7\xf0\xf1\x6c\x21\x5a\x30\x26\x3c\
\xed\xd8\x52\xe3\x70\x30\x5e\xff\xba\x8c\x83\x10\x55\x36\x6e\x89\
\x58\x4d\xf9\xbb\xfc\xa1\xc0\x99\x74\xf0\x1c\xdf\xab\x4e\x53\x2c\
\x18\xe7\xb9\x08\x46\x0f\x14\x57\xb0\xea\x34\x3a\x42\xba\x11\x93\
\x4f\x15\xd7\x11\x56\xcd\x0d\x0c\xd6\x2d\x76\xbc\xb0\x8d\xf0\xe8\
\x95\x28\x9f\x6f\xab\x8a\x71\xa1\x15\x5c\x55\x24\xf6\x5c\x37\x1a\
\x36\x42\xea\x4d\x04\x5d\x08\x1d\x84\x18\x67\x5d\x9b\x0f\x02\xe6\
\x2d\xde\x08\x37\x9a\x00\x85\x43\x22\x8c\xd3\xec\x36\x25\x6d\xd7\
\x4b\xb1\x98\x61\x25\xda\xf5\x44\x9b\x82\x2a\xc6\x68\xcf\xe0\xe2\
\x48\x85\x76\x81\x4b\x29\xf3\xba\x84\x9e\x1d\xff\x62\x74\x60\x94\
\x9f\x25\x8e\xd7\xfb\xa3\xd8\x54\xc9\xe9\x98\x0d\xf3\xfa\x45\x29\
\xfb\xa0\xa1\x63\xd6\x4b\x51\x36\xa8\x93\xf1\x91\x11\xe3\x67\xe3\
\x54\x0c\x30\x6f\xf9\xe0\xd9\x39\xc7\xf2\x37\xb1\xaa\x99\x24\xea\
\x17\x27\x29\x87\xfd\xf0\x83\xde\xdd\xe5\xd7\x6f\x89\x99\x3d\x26\
\x62\xb2\x52\xe0\x59\xee\xfc\x2c\x56\xc5\xae\xda\x8b\xf1\xdc\xa0\
\x8d\xb0\x19\xdc\xa0\x43\x9e\xb2\xbb\x9f\xa8\x1d\xbf\xf8\xbb\xde\
\x0e\x97\xd3\x7b\x0e\x35\xa0\x1f\x4f\x7f\xbf\xaf\x3a\xac\x77\x3b\
\xd1\x89\x4e\x74\xa2\x13\x9d\xe8\x44\x27\x3a\xd1\x89\x4e\x74\xa2\
\x13\x9d\xe8\x44\x27\x3a\xd1\x89\x4e\x74\xa2\x13\xb9\xe8\xff\x00\
\x4c\x54\x0a\x19\x5c\x6b\xa0\x47\x00\x00\x00\x00\x49\x45\x4e\x44\
\xae\x42\x60\x82\
\x00\x00\x10\x7e\
\x89\
\x50\x4e\x47\x0d\x0a\x1a\x0a\x00\x00\x00\x0d\x49\x48\x44\x52\x00\
\x00\x00\x80\x00\x00\x00\x80\x08\x06\x00\x00\x00\xc3\x3e\x61\xcb\
\x00\x00\x00\x01\x73\x52\x47\x42\x00\xae\xce\x1c\xe9\x00\x00\x00\
\x04\x67\x41\x4d\x41\x00\x00\xb1\x8f\x0b\xfc\x61\x05\x00\x00\x00\
\x09\x70\x48\x59\x73\x00\x00\x76\x1c\x00\x00\x76\x1c\x01\xa7\xc2\
\x78\xea\x00\x00\x10\x13\x49\x44\x41\x54\x78\x5e\xed\x9d\x79\x98\
\x55\x75\x19\xc7\xbf\x77\x80\x61\x1f\x45\x50\x16\x31\xd1\xcc\x10\
\x61\x0c\x2c\x85\x10\x53\x94\x7c\x14\x97\x4c\x6d\x31\xb7\xcc\x15\
\x73\x21\x52\x73\x2b\xb3\x32\xb5\xd4\xcc\xd2\x27\x17\xdc\x72\x97\
\x5c\x30\xf7\x15\x5c\x30\xb5\x41\x23\xc1\xc4\x05\x45\x47\x64\x58\
\x86\x6d\x80\x19\xee\xf4\xcf\xf7\xf6\x9c\xbe\xbe\x67\xb9\xe7\x9e\
\xed\x0e\xe7\xf3\x3c\xdf\x67\x9e\xb9\xf7\x3d\xe7\xfc\xee\x59\x7f\
\xbf\xf7\xf7\xbe\xef\x01\x72\x72\x72\x72\x72\x72\x72\x72\x72\x72\
\x72\x72\x72\x36\x22\x0a\xfa\xc1\x46\x4c\x01\x40\x37\xfe\x6d\x01\
\xd0\xae\x06\x1d\x91\x8d\xf5\x04\xe8\x07\x60\x6f\x00\x63\x01\xec\
\x04\xe0\x8b\x00\xb6\x00\xd0\x99\xdf\x6f\x00\xb0\x08\xc0\x3b\x00\
\x1a\x00\xcc\x00\xf0\x14\x80\x95\xb2\x9e\x9c\x2a\xa2\x1b\x80\xa3\
\x00\x3c\x0d\xa0\x8d\x57\x78\x39\x6a\x01\x70\x37\x80\x6f\xe8\x8a\
\x73\xb2\x4d\x77\x00\x67\x02\xf8\xd4\x38\xa8\x61\xf5\x22\xef\x1e\
\x39\x19\xe7\x10\x00\x1f\x1a\x07\x30\x0a\x15\x01\xdc\x08\xa0\x4e\
\x37\x9a\x93\x3e\x7d\x78\xbb\xd6\x83\x16\x87\xe6\xb3\x1f\x91\x93\
\x11\x46\x00\x78\xd7\x38\x50\x71\x6a\x15\x80\x89\xda\x90\x9c\xe4\
\xd9\x13\x40\xb3\x71\x80\x92\xd0\x7a\x3e\x72\x72\x52\x62\x2f\xc7\
\xf8\x3d\x2d\xad\x03\x30\x41\x1b\x96\x65\x3a\x8a\x1f\x60\x67\x00\
\xcf\x03\xe8\xa9\x5f\x04\x64\x25\x80\x79\x00\x9a\xf8\x7f\x3f\x00\
\xdb\x03\xd8\x44\xec\x82\xb0\x02\xc0\xae\x5c\x5f\x4e\x02\x0c\x00\
\xf0\xb1\x71\x35\xfa\x69\x1e\x80\x73\xd8\x67\xa8\xd1\x95\xf2\xb3\
\x91\x00\x2e\xa6\x53\x48\x97\xf7\xd2\x5b\x00\x7a\xe8\x0a\x73\xa2\
\xa7\x86\x1e\x3a\x3d\x00\x5e\xfa\x17\x80\x83\xca\xbc\xfb\xf5\x04\
\x70\x41\x99\x8f\x98\x6b\x75\x25\x39\xd1\x73\xaa\xb1\xe3\xdd\xd4\
\x0a\xe0\x5c\x00\x5d\x74\x25\x65\xb0\x13\x87\x7d\xba\x6e\x4b\xc5\
\xdc\x6b\x18\x2f\x03\xca\xe8\xf1\x2f\x06\xb0\x9b\xae\xc0\x41\x27\
\x00\x3b\xb0\x03\x37\x01\xc0\x50\x97\xc7\x02\x38\x67\xf0\xa6\xb1\
\x0d\x4b\x73\x1c\xf3\x0b\x39\x11\x73\xad\xb1\xc3\x2d\x7d\x02\xe0\
\xcb\xba\x30\x19\x0d\xe0\x36\x00\xcb\x8d\xe5\x16\x01\xb8\x9c\x27\
\x9a\x32\xd6\xb0\x77\xd3\x89\xba\x70\x4e\xe5\x0c\xe6\x90\x4b\x77\
\xb6\x6a\x0d\x3b\x79\xca\x60\x00\xf7\x1b\xf6\x96\x96\x03\xf8\xbe\
\x2c\x3f\xdc\xb0\x73\xd3\x47\x00\x6a\x65\xf9\x9c\x0a\xf9\xad\xb1\
\xa3\x2d\xfd\x5d\x17\x04\x30\x9e\x8f\x04\xb5\xf5\x52\x11\xc0\xcf\
\x79\x3b\xef\x0d\xe0\x21\xc3\xc6\x4b\xdf\xd5\x46\xe4\x78\xb3\x29\
\x9f\xc3\x56\x4f\xbd\x33\x80\x46\x63\x27\x5b\x7a\x4b\x9e\xe5\xfb\
\x07\xbc\x73\xb8\x69\x25\x80\xb5\xc6\xe7\x7e\x7a\xc0\xd1\x86\x1c\
\x0f\x0a\x00\x26\xd1\xb7\xde\x0e\x60\xba\x71\x12\xec\x6d\xec\x60\
\x2f\xdd\x03\x60\x1f\x4e\x09\x97\x33\x8c\x8b\x52\x2b\xd8\xd1\xcc\
\xf1\x60\x4b\x00\x4f\x18\x3b\x6f\x94\xd8\x5d\x65\xd8\x54\x83\x86\
\xc9\xef\xc8\x71\x30\xde\x25\x60\x63\x3d\x4f\x0c\x27\x6f\x18\x76\
\xd5\xa0\xfd\xe5\x77\x80\xa3\x93\x89\x1b\xbb\xd7\x70\x8a\x4b\x88\
\xd6\x32\x00\x87\x89\x6d\x0f\xc6\xeb\xa9\x6d\x35\xe8\x48\xf9\x2d\
\x07\x3a\x7e\xf7\x3c\xce\x3d\x6c\x54\x74\x01\xf0\x17\x63\x47\xb5\
\xd3\xbd\xfb\x05\x5d\x00\xc0\x57\x0d\xdb\x6a\x91\x9e\x00\x3a\x0c\
\x6d\x02\xb0\x87\xd8\x74\x58\xba\x03\x78\xd8\xd8\x49\x6d\xf4\xb9\
\xbb\x79\xe1\x0e\x33\x96\xa9\x16\xe9\x23\xe0\x42\xc3\x66\x2d\x80\
\x83\xc5\xae\xc3\xd1\x8b\x91\xb9\xfa\xe3\x97\x06\x98\x4b\x3f\xc5\
\x58\xae\x5a\xb4\xa3\xfc\x96\x2e\x00\xa6\x1a\x76\xad\xc6\xdd\xa2\
\xc3\xd0\x1d\xc0\x73\xc6\x8f\x9e\xcf\x71\xbf\x1f\xe7\x18\xcb\x56\
\x83\x56\x7a\x4c\x42\x9d\x45\x47\x93\xd3\xbe\xcd\xf0\x3e\x56\x3d\
\xb5\xf4\xcc\xe9\xce\x99\xcd\x09\x96\x20\x9c\x6f\x2c\x5f\x0d\x9a\
\xae\x3f\x44\x38\x92\x57\xbe\x73\x99\x56\x76\x14\x3b\x0c\x37\x19\
\x3b\x66\x16\x80\xcd\xd4\xd0\x83\xb3\x8c\x75\x54\x83\x7e\xa0\x3f\
\xc4\xe0\x60\x0e\x7b\x9d\xcb\xad\x61\x74\x51\xd5\x63\xdd\xba\x1b\
\x18\xbe\x5d\x0e\x27\x1a\xeb\xc9\xba\x1a\x01\x74\xd5\x1f\xe2\xc2\
\x61\xc6\x90\xf8\x53\x00\x43\xd4\xb0\x9a\xd8\xcf\x78\xc6\xbd\x5d\
\xc6\x6d\xdf\xc9\x41\xc6\x0e\xce\xba\x4e\xd1\x1f\xe1\xc3\x0f\x8d\
\x75\xbc\xc6\xd4\xb6\xaa\x63\x6b\x8e\x6f\x9d\x3f\xa6\x09\xc0\x76\
\x6a\x18\x90\x11\xc6\xce\xc9\xb2\xfe\x11\x32\x20\xe4\x22\x63\x5d\
\xd7\xab\x51\xd6\xe9\xc4\x1c\x3a\xe7\x8f\x58\x0f\x60\x77\x35\x14\
\x06\x73\x98\xd8\x48\x9f\x80\x93\x6e\xc6\x73\x32\xab\x5a\x66\x9c\
\xe8\x35\xcc\x5d\xd8\x45\x3e\x57\x0a\x00\xee\x35\xd6\x79\xa8\x1a\
\x66\x99\xb3\x8d\x1f\x30\x45\x8d\x84\xad\x8c\x98\xbb\x91\x62\xf3\
\xba\xb1\xde\xac\x69\x35\x0f\xb4\x72\x87\xc3\xe6\x0a\xfd\x52\xe8\
\x0d\x60\xae\xac\xb7\x09\xc0\x40\x35\xcc\x22\xc3\x8c\x79\xf3\x07\
\x8d\xa9\x5d\x27\xfd\xd9\x37\xd0\x9d\x39\x5a\xec\xfe\x60\xd8\x64\
\x49\x1f\xba\x5c\xe1\xbd\x8c\xbe\xd0\x6f\xd4\x48\x18\x61\x4c\x61\
\xdf\xaf\x46\x59\xa3\x00\xe0\x59\x69\xf4\x67\x3e\x9d\xbe\x9e\x00\
\x5e\x35\x76\xe6\x5d\xc6\x49\x33\xd1\xb0\xcb\x82\x36\x00\xb8\xc1\
\x63\x64\x53\x00\xf0\x1f\x63\xb9\x49\x6a\x28\x4c\x31\x96\xc9\xb4\
\x7f\xe0\x08\xa3\xc1\x5e\xcf\xae\x02\x80\xfb\x8c\x65\xee\x76\xe9\
\x40\x75\x63\x80\x85\xda\xa7\xa5\x66\x1e\x78\x75\xf5\x5a\xec\xc8\
\x8b\xc1\xb9\x7c\x2b\x83\x5c\xdc\xa8\x01\xf0\x82\x2c\xf3\x01\xbd\
\xaa\x99\xa3\x9b\x91\x8f\xff\xb0\x1a\x09\x56\x5f\xe1\x11\x0f\xd7\
\x29\x18\xc9\xab\xcb\x24\xa9\xd5\x00\x6e\xe1\x10\xb7\xdc\xe1\xd9\
\x28\xe3\x04\x6e\x62\xff\xc7\x8d\xe1\x46\xe7\xf7\x6c\x35\xca\x02\
\x67\x4a\x23\xd7\x00\xd8\x56\x8d\x1c\x8c\x31\x5c\xa0\x0d\x7c\x5e\
\x7a\x31\xde\x38\x28\x49\xa8\x95\x11\x49\xfd\xb5\x41\x65\xb2\x9f\
\xe1\xf0\x99\xe1\x13\x36\xf6\x7b\xb1\x5f\x06\xa0\xaf\x1a\xa5\x49\
\x2f\x63\xcc\x7f\x99\x1a\x39\xe8\xc9\x22\x4c\x4e\xfb\xc5\x2e\x71\
\x00\x4a\x01\xc0\xbf\x8d\x03\x14\xa7\xde\x05\xf0\x35\x6d\x48\x05\
\x58\x77\xbe\xb3\xd4\xc8\xc1\xa6\x00\x96\x88\xfd\xaf\xd4\x28\x4d\
\x26\x4b\xe3\x96\xfa\xf8\xf9\xf5\x8c\x2e\x02\xd8\x57\x8d\x3c\x38\
\xde\xd8\x81\x71\xe9\xe5\x18\xae\xb6\x82\x11\x13\xd1\x02\xe0\x4b\
\x6a\xe8\x40\x3b\x84\xcb\x42\x66\x30\x47\x4e\x17\x26\x40\x38\x1b\
\x77\xa1\x1a\x39\x18\x61\xdc\xfa\xaf\x56\x23\x1f\x6a\xd9\x19\xd2\
\x83\x15\xb5\x1a\x62\xac\x03\xd4\xdf\xe8\x14\x3e\xa6\x46\x0e\x7a\
\x18\x99\xca\x67\xaa\x51\x1a\x1c\x2a\x8d\x5a\xe5\x73\xc5\x3c\x29\
\xf6\xef\x85\xcc\xed\x3f\xd6\x38\x60\x51\x6a\x89\x4f\xe7\x2c\x0a\
\x0e\x37\xb6\xbb\x9f\x1a\x39\xd0\x89\xb5\xf7\x3c\x22\xa8\x12\x43\
\x23\x7c\xfe\xa4\x06\x0e\x26\x18\x3f\xf8\x00\x35\x0a\x48\x27\xc6\
\x13\xe8\xfa\xa2\x52\x90\x69\xdc\x28\xd0\xfd\xf7\x86\xc7\x41\xdd\
\x8c\x9d\x6b\xa7\x7d\xaa\xf5\x89\xb6\x31\x3c\x5c\xc3\xd5\xc8\x81\
\x8e\x69\x9f\x50\x83\x32\x19\x6b\x6c\x3f\x0a\xbd\xac\x1b\x8a\x91\
\x7a\x63\x54\xe0\x55\x6f\xe8\x46\xb1\xbd\x47\x0d\x92\x44\x6f\x49\
\x2f\xa8\x81\x83\xdd\xc4\xb6\xc8\xf2\x2e\x95\xe2\x16\x5d\x5c\x89\
\x0e\xd2\x8d\xc4\x8c\xfa\x36\x5e\x51\x03\x07\xa3\xc5\xb6\x25\xcd\
\xce\xa0\x26\x6a\x9c\xac\x06\x0e\x74\x86\xcb\xcf\x49\x14\x94\xde\
\x00\xde\x37\x0e\x62\x58\x2d\xf2\x19\x93\xc7\xc1\x50\x23\xe7\x41\
\xe7\x41\x4a\x14\x8c\x21\xf4\x51\x6a\x94\x04\x43\xa4\x11\xeb\x59\
\x60\xc9\x62\x80\xe1\xcd\x8a\x32\x0e\x7e\x9c\x31\xb2\x08\xab\xa9\
\xba\xf2\x84\x78\x50\xda\x71\xb3\x1a\x38\xd0\x98\x81\x7b\xd5\x20\
\x09\x26\x49\x23\x9e\x55\x03\x07\xea\x27\x98\xa3\x06\x11\x70\xae\
\x71\x30\xc3\xe8\x78\x5d\x71\x42\x7c\x53\xda\xb1\xd2\x63\x74\xb4\
\xb3\xd8\x36\xa7\x51\x87\xe0\x01\x69\x84\xd7\x98\xf4\x15\xb1\x9d\
\xac\x06\x11\x50\x63\x64\xdc\x84\x91\x5f\xd0\x4a\x5c\xd4\x00\x58\
\x20\x6d\x71\xab\x2d\x50\x30\xaa\xa3\x25\x5a\xc0\xba\x60\x14\x5a\
\xa8\x57\x23\x32\x58\x7a\xea\x1b\x62\x0c\x6c\xe8\xcd\x4a\x60\x7a\
\x50\x9d\x5a\xc0\x10\xab\x49\x9c\x5a\xdd\x17\xc0\xf7\x18\x81\xf4\
\x98\x8f\x37\x2e\x6e\x2e\x95\xb6\xde\xa9\x06\x0e\x6e\x15\xdb\x73\
\xd4\x20\x4e\x76\x90\x8d\x2f\xf3\x18\xbb\xfe\x48\x6c\xbd\x46\x0a\
\x51\xb0\x15\x80\x85\xc6\x81\x7f\x8e\x7e\x08\x8d\x31\xc8\x12\xbb\
\x4a\x9b\x97\x7a\x74\x48\x8f\x13\xdb\x47\xd4\x20\x4e\x74\xde\xdf\
\x2a\xc7\x52\x42\x3b\x2c\xe7\xaa\x41\x0c\xd4\x73\xe7\xb5\xf3\xf9\
\x58\x2d\xe9\x56\x35\x86\x7b\xd8\x6d\xa8\xac\x17\x61\xa3\x1a\xc4\
\xc9\x65\xb2\xf1\x5f\xab\x81\x83\x61\x8e\x92\x6e\x9f\x1a\x39\xff\
\x71\x51\x2a\xd9\xea\xe5\x98\xca\x22\x77\xc9\xbe\x75\x0b\x18\xe9\
\xc4\xd8\x04\xa7\xad\x55\xd5\x2c\x16\x34\xcd\xcb\xad\xb3\x52\x62\
\x00\x7d\xdc\x5e\x33\x84\x71\x60\x45\x15\x81\x27\xc5\xd9\xcc\x58\
\xba\x9b\xf3\xfc\x87\xb3\x0f\x91\x36\x3b\x3b\xee\x5e\xcf\xfa\x04\
\xc7\xcc\x0a\x78\xb2\x44\x8e\xf3\x2c\x2d\xd2\x25\x5c\x0d\x6c\xef\
\x52\x8a\xa6\xa4\x66\x3e\xa2\xdc\x4e\x9c\xa4\xe8\xed\x53\xb0\xb2\
\xc4\x2d\xd2\xfe\x13\xd4\x20\x2e\xb6\x61\x67\x6e\x21\x80\xd3\xf4\
\xcb\x8c\x32\xc1\x08\xc7\x72\xd3\x53\x01\x22\x93\xb2\xc0\x2f\xa4\
\xdd\x97\xa8\x81\x17\x59\xee\x0d\x47\x4d\x3d\x80\x97\x3c\x1c\x2b\
\x16\xd3\x1d\xe9\x68\x6e\xf4\x63\x0d\xe1\x61\x1c\x3e\x7e\x81\x8f\
\xbb\xbe\x8c\x23\xe8\xca\xab\xb8\x9d\xcf\xeb\x66\x0e\x9f\x17\xd2\
\x7d\x3d\x97\x33\x9a\x73\x39\x3c\x2e\x97\x63\xf8\x18\x2b\x71\x5b\
\x5a\x6e\x61\x27\x3d\x99\xe8\x78\x0d\x63\xdd\xde\x61\xf0\x46\x03\
\x9f\xb7\x93\xf9\xae\xbe\xa4\x28\xb8\x84\x9d\x07\xd1\x11\xb2\xae\
\x5a\x4e\x13\xdf\x6c\x24\xb1\x54\xa2\x66\x0e\xe3\x4e\x2b\x33\x19\
\x54\xc3\xe4\x13\x1d\x0a\x2a\x03\x98\xb8\x11\xe4\x36\x5b\xe4\x6d\
\x76\xbc\xae\x24\x06\xd4\xc5\x5a\xd2\x52\x8e\x66\x4e\xe7\x8e\xd3\
\xef\xdb\x0d\x97\x75\xe7\x32\x8a\x54\x87\x55\x91\x69\x75\xc7\x06\
\x08\xff\xde\x45\x96\xf5\x9a\x45\x8c\x8d\x1a\x00\x67\xd0\x77\xad\
\x3f\x26\x88\xa6\xc7\x3c\x34\xb4\x0a\x4b\x2f\x31\xee\x42\xea\xaf\
\x28\x49\x2b\x78\xcd\x34\x6c\xe2\xd2\x62\x76\x4a\xdd\x46\x27\x75\
\x72\xc1\x25\x3e\x91\xb5\x19\x80\x47\x8d\x86\x97\xab\x26\x5e\xa9\
\x71\xa0\x41\x28\xed\x2e\x7e\x8b\x5a\x7a\x34\xd5\x56\x13\x5b\xee\
\x34\x6c\xe2\x56\x23\x9d\x59\x56\xbf\x6d\x2c\x80\x69\x00\xfe\xc8\
\xe8\xe1\xc4\x18\xcc\x7a\xbc\xda\xd8\xb0\x6a\x8b\x69\x44\x61\xd5\
\xf7\x3f\x4e\x8d\xc8\x1c\xc3\xf6\x58\xb1\xd1\xa1\x57\x92\x7a\x34\
\xc6\x79\x94\xb2\x18\xe8\x92\xeb\x16\x85\x6e\x8a\x78\x08\x66\x15\
\xa6\xba\x51\x8d\x00\x6c\xee\x52\x4c\xfa\x5b\x62\x17\xc5\x8c\x63\
\x25\x6a\x64\xfc\x43\x6a\x74\x67\xf1\x03\x6d\x58\x94\x5a\xc0\x91\
\x84\x75\xcb\xf3\x43\xbd\x8d\x57\x18\xeb\x6f\x13\xef\x65\x9d\xc7\
\xa3\x4c\x93\x55\xfc\x66\x1b\x93\xd0\x5a\xa3\x92\x6a\x62\xdc\x60\
\x34\x28\x2e\xbd\xc9\xda\x40\x7a\x50\x95\x5a\x8e\xd9\x67\x32\x46\
\xd0\xc9\x18\x63\xbd\x25\x35\xb0\x13\xaa\x59\x37\x25\xcd\x92\x75\
\xf5\x31\x02\x38\x55\x45\x4e\xe8\xcc\xa1\xef\xe1\x79\xf6\x43\x66\
\x33\x77\x32\xaa\xc8\xa5\xd6\x00\x2e\x78\x4f\xc2\x5c\x5d\x07\x32\
\x74\x29\x69\x36\xb0\x56\xce\x3f\xe9\x53\x58\x41\x1f\xf9\x00\x26\
\x9a\x8c\x73\x74\x80\x1a\x79\xd5\xb6\x39\x96\x7f\x32\xa4\x9f\x7c\
\xa2\x8c\xad\x8f\xf6\x08\xd5\x6a\x65\x34\xd1\xbd\x0c\xdd\x76\xa3\
\x33\xdb\x57\xcf\xf2\xb7\xbb\x33\xfe\xcf\xcb\xe7\xef\xc6\x7a\xc6\
\x33\x3c\xa3\x5f\xc4\x41\x0f\x23\xfb\x37\xab\xfa\x8e\xb4\x7d\x88\
\x11\xc0\xe2\x27\xab\x2e\x8f\xd7\xa3\xef\x76\x35\x2e\x83\x4d\x39\
\x19\xe5\x35\x4f\xe1\xa6\x26\xe3\x31\x15\x0b\x17\x18\x1b\xcf\xaa\
\xe6\x19\x31\x72\x23\x8d\x30\x2a\x37\xdd\x6a\x5c\x91\xdf\x36\xec\
\x9c\xba\x45\xec\xc3\xb2\x4b\x08\x5f\xc3\xcc\x00\x13\x47\x15\x51\
\xe7\x98\xa2\xf4\x52\x2b\x80\x2b\x19\x1e\x1e\xd6\xfd\x1a\x95\xac\
\x89\x91\xcd\x79\x65\x5b\xbd\xfd\x76\x66\x01\xab\xfb\x17\xac\x70\
\xf2\x89\x61\xef\x54\x0b\x8b\x42\x17\xd8\x67\x19\xce\x31\xfa\x1e\
\xbc\xcd\x8f\xa4\xc3\x2b\xc8\x81\x2a\xf0\xbd\x88\x5a\x6a\xc7\x4b\
\xa7\xea\x4a\xa2\xe4\x74\x63\x83\x96\x9c\xd1\x3e\xbd\x8c\x64\xc6\
\x24\x55\xf4\x48\xef\xea\xcb\x7a\xbc\xbf\xa4\x3b\x78\x0a\x13\x57\
\xac\x83\xd3\xbd\xcc\x2b\x52\xe3\xfb\x55\x6b\xd9\x21\x9c\xca\xba\
\x80\x83\x74\x83\x0e\x46\x1b\x11\x42\x6e\x5a\xea\x93\x93\x59\x11\
\x41\x86\x3e\xd6\x6d\x77\x86\x61\x97\xa4\xda\x22\x98\x23\x3f\x39\
\xa6\xf4\xb3\x92\x8a\x1c\x25\x1c\xe2\xd2\x31\x1f\x56\xc6\x49\x70\
\xa9\x2e\x1c\x05\x41\x0b\x34\xaa\xcb\x74\x6b\xa3\xca\x55\x5a\xba\
\xdd\xa7\x50\x95\x1f\x07\xb8\xb8\x89\xa3\xd6\x4c\x97\xaa\x2a\x63\
\x02\x3e\x0e\x9a\xe3\x70\x07\x6b\xfe\x9f\xa5\xb9\xc6\xd9\x3b\xcd\
\xb0\x4b\x53\x2b\x00\xfc\xae\x82\x17\x38\xd5\x27\xf4\x48\x5b\xee\
\x32\x64\x3d\xc3\xb0\xb5\xf4\x63\x5d\xb0\x52\x1e\x37\x36\xa2\xd2\
\x0e\x88\x26\x30\x66\x4d\x61\xe7\x1c\x46\x39\x5e\x6b\x17\xa7\xd6\
\x02\xd8\x4b\xb6\x5d\xc3\xac\x65\xb5\x55\xbd\x2e\xcb\x55\x8c\x5f\
\xef\x7f\x83\x71\x7b\xcd\xda\xd5\xaf\x1a\x23\xed\x2d\x87\x63\x8c\
\xf5\xc5\xa1\x65\x46\x70\x48\xd0\xf7\x16\xeb\x72\xa1\x19\x60\xac\
\x5c\xf5\xaa\x2c\xd3\xd7\x48\x04\xcd\x92\x3e\xf3\x48\xb6\x08\x4a\
\x90\xbb\x62\x14\x7a\x5a\x37\x1c\xb0\x63\x1d\x28\xbf\xd1\x1a\xf2\
\x28\x41\x4a\xa4\xbc\x26\xff\xef\x65\x38\x51\xb2\xc4\x43\x21\xe3\
\xef\x9c\x94\xaa\x7c\xc5\xcd\x78\xa3\x02\x48\x10\x87\x53\xa0\xd9\
\xc2\x20\x27\x80\xdf\x24\x0c\x18\xdc\xe8\xc4\x7a\x63\x77\x96\xa8\
\xc4\x65\x5b\x62\xb6\x4f\x36\x74\x94\xfc\x44\xfe\x5f\x27\xff\x5b\
\xb8\x65\x13\xfd\x1f\x41\x4e\x80\x20\x6f\xbb\x58\x2d\xff\x47\x3e\
\x0c\x89\x90\x77\x39\x3b\x17\x05\x77\xe8\x07\x31\x31\x1e\xc0\x49\
\x7c\x6c\x6d\x1b\x30\xb5\x6e\xbb\x20\xb9\x0d\x41\x4e\x80\xb5\xfa\
\x81\x81\xbe\xfa\x74\xb9\xfc\x9f\x25\xae\xa3\xe3\x25\x0a\x1e\xd7\
\x0f\x62\xe4\x5a\x8e\x3e\xe6\x33\x27\xd0\x8f\xda\x20\x91\x43\x41\
\x4e\x80\xa5\xfa\x81\x81\xf6\x38\xb5\x4f\x90\x15\x56\xb9\xcc\xf0\
\x85\x65\x21\xfd\x02\x49\xd1\xcd\xf0\xb5\x78\xa1\x23\xb3\xcf\x11\
\xe4\x04\xf8\x40\x3f\x30\xd0\x21\xd5\x13\x0c\xb0\xc8\x1a\xd7\x73\
\x68\x15\x25\xda\xff\xc9\x12\x7a\x67\xfe\x1c\x41\x4e\x80\x26\x4e\
\xa1\x7a\xf1\x15\x71\x5f\xb6\xc4\xe5\x93\xae\x80\x35\xf4\x02\x46\
\x4d\xb3\x7e\x90\x21\x7c\x8f\xaf\xaf\x01\x79\x49\x3f\x10\x0a\xc6\
\xdb\xb1\xae\x62\xb8\x55\x56\xb8\x26\xa6\xfc\xf9\xa0\xfb\x30\x0d\
\x82\xf4\xdf\x02\x11\xa4\x30\xf3\x1a\xc3\x67\x30\x34\x23\x93\x41\
\x8b\x3d\xde\xe4\x51\x29\x0d\xc6\xf6\xb2\x22\x7d\x69\x55\x68\x36\
\x0f\xe8\xd9\xb3\x4a\x95\x69\x55\xcb\x34\xe4\x55\xbb\xb0\x12\x6a\
\x2a\xc8\x86\x8a\x5b\x1b\x02\xa4\x95\x95\xc5\xdf\x8c\x8d\x58\x3a\
\x5a\x96\xbb\xce\xb0\x49\x52\xb3\x22\x70\xfb\xba\xb1\x93\xb1\xbd\
\xac\x28\xf2\xce\xe9\x38\x63\x23\x96\xd6\x73\x66\x70\x10\x03\x31\
\x82\xdc\x39\xe2\xd2\xba\x98\xbd\x92\x59\x7e\x95\xed\x34\x6d\x6c\
\x14\x68\x99\xf7\xac\xcb\xeb\x0d\x1c\x51\x70\xa5\xb1\xcd\xac\x28\
\xec\x74\xb7\x27\xf5\x29\x5f\xd1\xe5\xe8\xa9\x04\x7a\xe8\xb7\x1b\
\xdb\xcd\x8a\x02\xd5\x3a\x2c\x77\x07\xbd\xe9\xf3\x1e\xa0\xac\xb0\
\x80\x01\x9f\x51\xb9\x7c\xdd\xf0\xf5\xb5\xa7\x44\x03\x8b\x72\xc4\
\x42\x17\xe3\x9d\xc0\x59\xd2\x2a\x46\xed\x24\xc1\xf5\xc6\xf6\xb3\
\x20\xbf\x97\x51\x56\xcc\xa0\x8c\x66\x08\xad\xf7\x79\xdd\x4a\xd4\
\x9c\x67\xb4\x21\x6d\x2d\x2e\xb3\x0e\x52\x68\x86\x25\x14\x20\x19\
\x54\xad\x46\x3a\x58\xdc\xec\x6b\xb4\x23\x6d\xfd\x54\x1b\x19\x27\
\xc3\x8c\xb7\x85\xa5\xa1\x16\x23\x87\x3f\x09\xba\x67\xcc\x11\xf4\
\x76\xc0\xf8\x8d\x48\xd9\xd2\x28\x05\x9f\xa4\x1a\x01\x7c\x5d\x1b\
\x95\x20\x69\x3b\xba\x4a\x6a\x63\x66\x53\x2a\xd4\x02\xb8\x3c\x40\
\x4a\x54\xd4\x7a\xc6\xa5\xb8\x54\xe7\x18\x7d\xff\xca\xd0\x00\xf5\
\x02\x92\xd0\x79\xda\xb0\x34\x18\xc3\xfc\x7d\x6d\x5c\xd4\x5a\xc6\
\xd9\x47\x6b\x18\x3b\x8a\x77\x85\x76\xbe\x5e\xf6\x6a\x0e\x09\xb7\
\x0f\xe1\x12\xee\xcd\xbb\xcb\x64\xba\xc2\xdf\xe6\x2b\xf1\x34\xe0\
\xf5\xcf\x46\x1b\x93\xd4\x5f\xcb\x0c\x14\xf9\x1f\xa1\x16\xf2\xa1\
\x86\x3b\xfc\xdc\x0a\x32\x70\xdc\x58\xc9\x5b\xee\x25\x8c\x53\xb0\
\xb8\xcf\xe3\x95\x6b\x2d\xf4\x91\x7f\xc8\x0e\xec\x72\x7e\x56\xe4\
\x5d\xac\x27\x43\xda\x07\xb2\x14\xee\x96\x2e\xfb\xe8\x38\xa9\x31\
\x54\xc7\x13\x5f\xcb\xce\x25\xc1\x34\xee\xef\x56\xfd\x22\x6d\x0a\
\xac\xcd\x7b\x8f\x51\xd2\xbc\x1c\x95\x12\x27\x4f\x08\xf8\x0a\xd7\
\xa9\xc6\x3a\xa2\xd6\x14\xdd\x28\x27\x86\xe2\x2e\x20\xa9\xba\x26\
\xc4\x5d\x2d\x15\x7a\x32\xb9\xf2\x72\x26\x3f\x7a\x25\x59\xb6\xf1\
\x56\x7b\x07\x23\x61\xcb\xad\x7c\x31\x90\x25\x5d\xe2\x72\x59\xcf\
\xf6\x78\x33\xda\xb8\x80\x55\x52\x2b\xd5\x0a\x66\x27\x55\x8c\x75\
\x7b\x4b\x8a\x3e\xcc\x3a\xea\xc5\xb3\x78\x1d\x03\x50\x3f\x89\xe8\
\x76\x56\xc7\x03\x32\x96\xaf\x7d\xaf\x0f\x12\x24\x29\xb4\xd1\xa5\
\x3a\x9b\xd3\xca\x33\xe8\x0e\xf7\x72\x31\xd7\xb3\x8c\x9c\x95\xe1\
\x1b\x05\xf7\xb3\x4f\xb2\x40\xbf\x08\x43\x9a\x27\x40\x1a\xf4\xe1\
\x81\x19\xc4\x20\x97\x3a\x8e\xe5\x0b\x3c\xe9\xd6\xf0\x24\xfc\x8c\
\xfe\x8d\xf7\x43\x9e\x8c\xbd\xd9\x4f\x39\x31\xa2\x5b\x74\x91\x25\
\xec\x2e\x0e\x10\x9e\xd7\x21\xa9\xe3\x2d\x6f\x1f\x97\x9e\x7f\x56\
\x19\xca\x92\x7a\x61\xb2\x89\x8b\x0c\xaf\x3f\x3f\xce\x97\x71\x54\
\xc3\x1d\xa0\x13\x7b\xd8\xa5\x57\xd2\xbd\xc5\xab\xeb\xae\x90\x57\
\x67\x1a\xf4\x60\x76\xcf\x58\x26\x75\xf4\xe7\xa3\xaf\x96\x07\x7a\
\x0d\xc3\xe8\x3f\xe6\x23\xe7\x0d\x3a\xd7\xdc\x46\x3a\x1b\x15\x43\
\x8d\xab\xa3\x9d\x7d\x85\x8b\x42\x74\x12\xe3\xa0\x33\x0b\x5d\x97\
\x5b\xeb\x3f\x27\x00\x5d\x7d\xe6\x1b\x36\x30\xd7\xef\x24\x17\xaf\
\x60\x5c\x74\x62\xe5\xaf\x2b\x1d\x8e\xa7\x76\x5e\xc9\xfd\xd5\x38\
\xa7\x32\x86\xb0\x6e\x9f\x5f\x89\xd5\x22\x1f\x17\x97\x72\xd8\x19\
\x65\xc5\xac\x4e\x00\x76\x64\x84\xf1\x9d\xbc\x3d\xeb\xf6\x4b\x72\
\x73\x44\x65\x8e\x6a\xe8\x03\x38\xd9\x9a\x4e\x98\xa3\x00\x6c\xa2\
\x5f\xba\xb0\x90\xc3\xb8\x79\x0e\x2f\xe0\x62\x1e\xc0\xd5\xf4\x17\
\xb4\xf1\x4e\xd3\x95\xeb\xdd\x82\x57\xf1\x36\xf4\xee\xed\x40\x47\
\x4f\x90\x79\xf6\x55\x8e\x59\xd2\x9c\x98\xe8\x45\xcf\xe0\x8b\x31\
\x97\x6f\x2b\x47\xcd\x8c\x10\xaa\xb6\x97\x54\x56\x3d\x43\x00\xfc\
\x8c\x1e\xc6\xa4\x67\xe5\x96\xf0\xd1\x74\x08\x33\x77\xab\x8e\x6a\
\x7b\x04\xf8\xd1\x17\xc0\x9e\x9c\x17\x1f\xc7\xab\x51\x0b\x57\x56\
\xc2\x22\x8e\xcd\x67\xf2\x25\x14\xaf\x45\x50\x6a\x26\x55\x3a\xda\
\x09\xa0\x74\xe1\x30\x72\x04\x3d\x80\x43\x38\x52\xe8\xc7\x93\xa5\
\x3b\x6d\xba\xd0\x15\xbd\x8e\x33\x8e\x8b\xa9\x8f\x58\x51\x64\x3e\
\x6b\xff\x2f\xd4\x0d\xe4\xe4\xe4\xe4\xe4\xe4\xe4\xe4\xe4\xe4\xe4\
\xe4\xe4\xe4\xe4\xe4\x54\x0b\xff\x05\x4c\x2e\xca\xdc\x0f\xf0\x35\
\xe0\x00\x00\x00\x00\x49\x45\x4e\x44\xae\x42\x60\x82\
\x00\x00\x05\xa7\
\x89\
\x50\x4e\x47\x0d\x0a\x1a\x0a\x00\x00\x00\x0d\x49\x48\x44\x52\x00\
\x00\x00\x80\x00\x00\x00\x80\x08\x06\x00\x00\x00\xc3\x3e\x61\xcb\
\x00\x00\x00\x01\x73\x52\x47\x42\x00\xae\xce\x1c\xe9\x00\x00\x00\
\x04\x67\x41\x4d\x41\x00\x00\xb1\x8f\x0b\xfc\x61\x05\x00\x00\x00\
\x09\x70\x48\x59\x73\x00\x00\x0e\xc4\x00\x00\x0e\xc4\x01\x95\x2b\
\x0e\x1b\x00\x00\x05\x3c\x49\x44\x41\x54\x78\x5e\xed\xdd\x4d\x88\
\x55\x65\x1c\xc7\xf1\x6f\x4d\xa5\x49\x6a\x34\xd1\x22\xc2\x5e\x36\
\x59\x61\xf4\x22\xd5\xc2\x4d\x08\xbd\x09\x65\x2e\x2c\x46\x82\x98\
\xa0\x57\x08\xca\x45\x65\x91\x44\xa1\xd5\xae\x88\x5c\x44\x2f\x2e\
\x0a\x2c\x52\x89\x02\xa3\x5a\xe5\xc2\xa2\x14\x69\x15\x04\x59\x94\
\xad\x66\x1a\x29\xc9\x71\xc6\x99\x16\x3e\xc2\xe1\x37\xcf\xcc\xf5\
\xce\x3d\x67\xee\x73\xe7\xff\xfb\xc0\x7f\xf3\xbf\xe7\xcc\x79\xee\
\xb9\xbf\x7b\xcf\xdb\x9d\x73\xc1\x66\xe3\x6c\x60\x03\xb0\x13\xf8\
\x1d\x38\x0e\x4c\xb6\x51\x63\xc0\x1f\xc0\x67\xc0\x20\x70\xae\x2e\
\xc0\xca\x75\x17\x70\x28\xf3\xa2\x76\x52\x87\x81\xf5\xba\x20\x2b\
\xcf\x26\x60\x22\xf3\x02\xd6\x55\xaf\xeb\x02\xad\x1c\x4f\x64\x5e\
\xb0\x26\xea\x79\x5d\xb0\x75\xdf\x72\x60\x34\xf3\x62\x35\x51\xe3\
\xc0\x4a\x1d\x80\x75\xd7\xc7\x99\x17\xaa\xc9\xfa\x52\x07\x60\xdd\
\xd3\x3f\x8b\xbd\xfc\x4e\x6b\x02\xb8\x54\x07\xd2\x84\x33\xb4\x61\
\x53\xac\x03\x3e\xd5\x66\xc5\xbf\xc0\x47\xc0\xdf\xfa\xc0\x0c\x16\
\x03\x03\xc0\xf9\xfa\x40\xc5\x20\xf0\xbe\x36\x6d\xee\x3d\x97\x79\
\x87\x56\xeb\x76\x9d\xe1\x34\xdd\x92\xf9\x5b\xd5\xda\xaa\x33\x34\
\xe1\x4c\x6d\xd8\x14\x8b\xb5\x21\xbe\xd2\xc6\x69\xda\x07\xfc\xa3\
\xcd\x8a\x25\xda\x68\x82\x03\xd0\x5a\xab\xcd\xe4\x84\x36\xda\x30\
\xd3\xbc\xad\x96\x5b\x8b\x39\x59\x48\xb2\x12\xb8\x1b\xb8\x12\x58\
\xa4\x0f\x76\xd1\x51\xe0\x7e\x6d\x56\xbc\x0c\xbc\xa0\xcd\x64\x0c\
\x38\x47\x9b\x6d\x18\x01\x96\x6a\x33\xd9\x06\x3c\xae\xcd\x5e\x74\
\x05\xf0\x75\x66\x1b\x57\x4a\x8d\xe8\x80\xc5\xda\xcc\x3c\xa7\x6a\
\x9f\x4e\xdc\xa6\x91\xcc\xdf\x3c\x55\x6f\xeb\xc4\xbd\xe8\x46\x60\
\x28\xf3\xe4\x4a\xaa\x56\x01\xe8\x03\xf6\x66\xe6\x1b\x07\x56\xeb\
\xc4\x6d\x9a\xd7\x01\xe8\x07\xfe\xcc\x3c\xb1\xd2\x6a\x9b\x0e\x3c\
\x63\x29\xf0\x4e\xda\x5c\x4c\x02\x07\x81\xdb\x74\xa2\x59\x98\xd7\
\x01\x78\x23\xf3\xa4\x4a\xab\xdd\x6d\xee\x08\xf7\xd5\x7c\xe9\x76\
\xde\x06\x60\x21\x70\x24\xf3\xa4\x4a\xaa\xbf\x80\x0b\x74\xe0\x73\
\xac\xeb\x01\x68\x27\xfd\xed\xb8\x61\xae\x8e\x63\x3b\xb0\x19\x18\
\xd6\x66\x34\x4d\x1d\x06\xae\x07\x76\x68\xb3\x20\x43\xc0\x25\xc0\
\x31\x7d\x40\x2c\x49\xe7\xe4\x9b\x7a\xa3\xec\x05\xce\xd3\x66\xb2\
\x03\x78\xf4\x34\x76\x52\x8b\x34\x90\xf9\x48\x2b\xa9\xde\xd3\x01\
\x8b\x85\xe9\x23\x78\xae\x2f\x02\x69\x8d\x03\x1f\xcc\x10\x92\x62\
\x95\x1e\x80\x41\x1d\xb0\xd8\x9e\x99\xa7\x9b\xb5\x4b\x07\x58\x97\
\xa6\x3e\xda\x4a\xf7\x8b\x36\x2a\x2e\x03\x1e\xd0\x66\x97\xad\x05\
\x56\x68\xb3\x0e\x51\x03\x70\x44\x1b\x15\xcb\x1b\xdc\x37\xea\xc4\
\xd5\xda\xa8\x43\xd4\x00\xcc\x74\x11\xa6\x4f\x1b\x85\x68\x64\x5c\
\x51\x03\x60\x89\x03\x10\x5c\x53\xdb\xba\x01\xe0\x43\x6d\x16\xe4\
\x5a\xe0\x27\x6d\x26\x6b\x80\xcf\xb5\x59\xf1\x12\xf0\xb3\x36\x6b\
\xb0\x0c\x78\x55\x9b\x15\x1b\xd2\x57\xcf\x7a\x42\xe9\x87\x81\x33\
\xed\x51\xaf\xc9\x4c\x5f\xad\x55\x3a\x43\x4d\x56\x64\x96\x55\xad\
\x01\x9d\xa1\x0e\xde\x04\x04\xe7\x00\x04\xe7\x00\x04\xe7\x00\x04\
\xe7\x00\x04\xe7\x00\x04\xe7\x00\x04\xe7\x00\x04\xe7\x00\x04\xe7\
\x00\x04\xe7\x00\x04\xe7\x00\x04\xe7\x00\x04\xe7\xcb\xc1\x53\xb5\
\xba\x1c\xbc\x2b\xfd\x53\x49\xdd\xfa\x81\xfb\xb4\x59\xe1\xcb\xc1\
\x35\x56\x27\x97\x83\xbb\x55\xbe\x1c\x6c\xf5\x73\x00\x82\x8b\x1a\
\x80\xb3\xb4\x51\x31\xaa\x8d\x42\x34\x32\xae\xa8\x01\xe8\xd7\x46\
\xc5\x7e\xe0\x3f\x6d\x76\xd9\x18\xf0\x9d\x36\xeb\x10\x35\x00\x57\
\x69\xa3\x62\x18\x78\x51\x9b\x5d\xf6\x5a\xba\xbd\x7c\xed\xa2\x1e\
\x06\xee\x06\xee\xd5\xa6\x18\x00\x9e\x06\x2e\x6f\x70\x3d\xb5\xf2\
\x1b\xf0\x16\xf0\xae\x3e\x50\xba\xd2\x0f\x03\x8f\x01\x17\xea\xa0\
\x23\x8a\xba\x09\x58\x90\xde\xdd\xe1\x45\x0d\x00\xc0\x53\x2d\xf6\
\x05\x42\x88\x1c\x80\x85\xc0\x27\x2d\x6e\xd8\x3c\xef\x45\x0e\x00\
\xc0\x35\xc0\x9e\xc8\xfb\x03\xd1\x03\x00\x70\x33\xf0\x23\x70\xab\
\x3e\x10\x81\x03\x70\xd2\x32\xe0\x9b\xf4\x33\x6e\xab\x23\xad\x97\
\xa6\x8e\x6f\x4b\x3f\x0f\xd0\xca\x70\x3a\xf3\xf6\x6b\xfa\x41\x88\
\x49\x9d\xa0\x4d\xbb\x6b\xb8\xaf\x70\x4f\x29\xfd\x3c\xc0\x5c\xd7\
\x63\xba\x82\x4a\x11\xe6\xa3\xce\xf2\x1c\x80\xe0\x1c\x80\xe0\x1c\
\x80\xe0\x1c\x80\xe0\x1c\x80\xe0\x1c\x80\xe0\x1c\x80\xe0\x1c\x80\
\xe0\x1c\x80\xe0\x1c\x80\xe0\x1c\x80\xe0\x1c\x80\xe0\x1c\x80\xe0\
\x1c\x80\xe0\x1c\x80\xe0\x1c\x80\xe0\x4a\x0b\xc0\x41\x60\x63\xfa\
\x95\xac\x87\xd2\x57\xa9\x26\x75\x22\x2b\xdf\x6c\xbe\x12\xb6\x65\
\x9a\x40\xde\x51\xf9\x5e\x5e\xaf\x96\xbf\x12\xd6\xc2\x4e\x60\xd3\
\x34\xbf\xe6\xb5\x07\x78\x52\x9b\x56\x8f\x52\x02\xb0\x45\x1b\x62\
\x3b\x70\x58\x9b\xd6\xb9\x12\x02\x30\x0a\x1c\xd0\xa6\x38\x01\x7c\
\xaf\x4d\xeb\x5c\x09\x01\xb0\x2e\x2a\x21\x00\x0b\x80\xeb\xb5\x29\
\xfa\x80\x9b\xb4\x69\x9d\x2b\x21\x00\xa4\x1d\xc0\x99\x3c\x08\x5c\
\xac\x4d\xeb\x5c\x29\x01\x58\x07\x6c\x9d\x66\x3c\x77\x02\x6f\x6a\
\xd3\xea\x91\x5b\xe1\xdd\xf2\x6c\xda\x19\xdc\x08\xdc\x03\x0c\xa6\
\x13\x41\x5f\x00\x8b\x74\x62\x2b\xdb\x6c\x4e\x04\xcd\xe7\xf2\x89\
\x20\x2b\x93\x03\x10\x9c\x03\x10\x9c\x03\x10\x9c\x03\x10\x9c\x03\
\x10\x9c\x03\x10\x9c\x03\x10\x9c\x03\x10\x9c\x03\x10\x9c\x03\x10\
\x9c\x03\x10\x9c\x03\x10\x9c\x03\x10\x9c\x03\x10\x9c\x03\x10\x9c\
\x03\x10\x9c\x03\x10\x9c\x03\x10\x9c\x03\x10\x9c\x03\x10\x9c\x03\
\x10\x9c\x03\x10\x9c\x03\x10\x9c\x03\x10\x9c\x03\x10\x9c\x03\x10\
\x9c\x03\x10\x9c\x03\x10\x9c\x03\x10\x9c\x03\x10\x9c\x03\x10\x9c\
\x03\x10\x9c\x03\x10\x5c\x53\x01\xc8\xdd\xf2\x35\xb2\x62\xd7\x47\
\x53\x01\x18\xd2\x46\x70\xc5\xae\x8f\xa6\x02\xb0\x3f\xdd\xde\xd5\
\x4e\xfa\x41\x1b\xa5\x68\x2a\x00\x43\xe9\x2e\xdf\x06\xdf\x02\x87\
\xb4\x19\xc1\x75\xc0\xf1\xcc\x2d\xd3\x22\xd5\x09\x60\x95\xae\x98\
\x48\x1e\x49\x3b\x40\xba\x62\xa2\xd4\x33\xba\x42\x22\xda\x00\x8c\
\x64\x56\xce\x7c\xae\xa3\xc0\xc3\xba\x22\x22\xbb\x08\xd8\x9c\x76\
\x86\x7a\xfd\xe7\x5f\xa6\xab\xa3\xe9\x56\xb7\xaf\xf4\xd2\x8d\xad\
\xff\x07\xda\x80\x1b\x65\x11\x8b\x3e\x5f\x00\x00\x00\x00\x49\x45\
\x4e\x44\xae\x42\x60\x82\
\x00\x00\x0a\xcc\
\x89\
\x50\x4e\x47\x0d\x0a\x1a\x0a\x00\x00\x00\x0d\x49\x48\x44\x52\x00\
\x00\x00\x80\x00\x00\x00\x80\x08\x06\x00\x00\x00\xc3\x3e\x61\xcb\
\x00\x00\x00\x01\x73\x52\x47\x42\x00\xae\xce\x1c\xe9\x00\x00\x00\
\x04\x67\x41\x4d\x41\x00\x00\xb1\x8f\x0b\xfc\x61\x05\x00\x00\x00\
\x09\x70\x48\x59\x73\x00\x00\x0e\xc4\x00\x00\x0e\xc4\x01\x95\x2b\
\x0e\x1b\x00\x00\x0a\x61\x49\x44\x41\x54\x78\x5e\xed\x9d\x7d\x8c\
\x5d\x45\x15\xc0\x7f\x6f\xbb\x5b\xb6\xad\xdd\x85\xca\x67\x5d\x96\
\x86\x8f\x5d\xb5\x2d\x28\x62\xe3\x27\x51\x43\x4c\xd4\xaa\x81\x46\
\x4a\xb4\xa8\x44\x2a\x28\x7e\x81\x09\x14\xa3\xc1\x8f\xc4\xaa\x40\
\x5b\x54\x34\x2a\x8a\x46\x13\x21\xa1\x68\x43\xc1\x20\x10\x94\xa8\
\x28\x5a\x63\xa8\xd6\x2d\x74\x5b\x0b\xad\x20\xb4\x65\xdb\xaa\xed\
\xb6\xdd\x1d\xff\xe0\xbc\xf8\x38\x39\xf3\xde\xbe\x7d\xf7\xdd\xbd\
\x33\x77\x7e\xc9\x49\x36\x67\xcf\xdc\x3b\x73\xee\xbc\x7b\x67\xce\
\x7c\x41\x22\x91\x48\x24\x12\x89\x44\xa2\x74\x54\xb4\xa2\x44\x74\
\x02\xb3\xe5\xef\x7d\xc0\x98\xfa\x7f\x29\x88\xbd\x02\x74\x01\x0b\
\x81\x73\x80\x05\xc0\x20\xd0\x0f\xcc\x95\x87\x5f\x2d\xbf\x03\xf6\
\x02\xff\x04\xb6\x03\x9b\x81\x8d\xc0\x9f\x80\xbf\x95\xb5\x72\x84\
\x4a\x3f\x70\x05\x70\xb7\xfc\xb2\x5d\x8b\xb2\x17\x58\x07\x5c\x2e\
\x15\x27\x51\x40\x66\x01\x97\x02\x0f\x01\xe3\xc6\x43\xcc\x4a\xc6\
\x80\x07\x81\x0f\x00\x33\x75\x26\x12\xf9\xd3\x07\x5c\x0f\x8c\x18\
\x0f\xab\xdd\xb2\x1b\xf8\x0a\x70\x92\xce\x54\xa2\xfd\x1c\x0f\xdc\
\x04\x1c\x30\x1e\x4c\xde\x72\x00\x58\x0d\x1c\xa7\x33\x19\x02\xa1\
\x35\x02\xbb\x80\x4f\x01\x9f\x05\x7a\xf4\x3f\xeb\x30\x06\x6c\x92\
\x06\xdd\x16\x60\x07\xb0\x4b\xda\x08\x00\x47\x03\xc7\x02\x27\x03\
\x67\x00\xf3\xa5\xc1\xd8\xa1\xae\x53\x8f\x11\xe0\xf3\xc0\xcd\xc0\
\x11\xfd\xcf\x44\xeb\xbc\x0a\xf8\x8b\xf1\x0b\xf4\xc9\x46\x60\x25\
\x70\x9e\xb4\x11\x9a\xa5\x07\x78\xab\x7c\x62\x86\x8c\xeb\xfb\x64\
\x03\x70\x96\xbe\x58\x62\xf2\x74\x00\xd7\x02\xa3\x86\xb3\xb5\x3c\
\x2d\x0f\x7d\xbe\xbe\x48\x06\x2c\x94\xca\xf0\xac\x71\x5f\x2d\xa3\
\xc0\xd5\x4d\xbe\x41\x12\x06\xc7\x00\xbf\x30\x1c\xac\x65\x08\xb8\
\x04\x98\xae\x2f\xd0\x06\xba\xa5\xc7\xf1\xb8\x91\x0f\x2d\x77\xc9\
\xe7\x25\x31\x09\x06\x80\xc7\x0c\xa7\xd6\xca\x0e\xe0\x83\xc0\x34\
\x9d\x38\x07\x3a\xa5\x22\x3c\x65\xe4\xab\x56\x86\xa4\x5d\x91\x68\
\x82\x45\x0d\x5e\xb5\x47\x80\x1b\x9b\xf8\xb6\xf7\x03\x17\x49\xb7\
\xed\x67\x12\xe1\xdb\x26\x9f\x8c\x21\xe0\x63\x3a\x41\x13\xf4\x00\
\x6b\xa4\xa1\xa9\xf3\x59\x95\x7f\x49\x34\x32\x31\x01\x5e\xd7\x20\
\x82\xf7\x38\xf0\x1a\x9d\xc8\x60\x3e\xf0\x65\x69\xf9\xeb\x6b\x58\
\xb2\x44\x5f\xa0\x49\x5e\x0f\x0c\x1b\xd7\xad\xca\x08\xf0\x5a\x9d\
\x28\xf1\x42\x5e\xdd\xe0\xe1\xdf\xd1\xa0\xfb\x57\x01\xde\x25\x11\
\x41\x9d\xb6\x91\xfc\x48\x5f\x6c\x12\xf4\x02\x77\x1a\xd7\xae\xca\
\x5e\xe9\xcd\x24\x0c\x06\xea\xbc\xf6\xc7\x81\xeb\x1a\xc4\x2d\xce\
\x05\x1e\x31\xd2\x4e\x54\x56\xea\x0b\x4e\x92\x0a\xf0\x45\xe3\xfa\
\x55\x79\x06\x38\x5d\x27\x2a\x3b\x73\xea\x34\xf8\x8e\x00\x1f\xd2\
\x09\x6a\xe8\x05\x7e\xd0\xe2\x18\xc0\x30\x70\xa2\xbe\x70\x8b\x2c\
\x97\xbc\xeb\x7b\x39\x19\x6d\x3c\x46\x27\x28\x2b\x1d\xc0\x3d\x86\
\x93\x9c\x38\xf0\xbd\x3a\x41\x0d\x8b\x80\x7f\x18\xe9\x7c\xb2\x13\
\x58\x2f\x8d\xb6\x15\xc0\xc7\x81\xa5\xc0\x8b\xf4\x85\x33\x62\x59\
\x9d\x4a\xb0\x3e\xc5\x09\x9e\x67\x85\xe1\x1c\x27\xbf\xe8\x7a\xbf\
\xfc\xf7\x01\x07\x8d\x74\x5a\x7e\x0f\x7c\x02\x38\x4d\x5f\x20\x27\
\x3e\x6c\xe4\xa9\x2a\xd7\x68\xe3\xb2\x71\x36\x70\xc8\x70\x8c\x93\
\xb8\xba\x8f\x4f\x36\x78\xe5\x8f\x01\x3f\x05\x5e\xa1\x13\x4e\x11\
\x5f\x32\xf2\xe8\x24\x62\xf8\x4a\x6d\x5c\x16\xba\xea\xc4\xf6\xef\
\xac\xd3\xe0\xbb\xc2\xb0\xaf\x95\x87\x0b\xd8\xd2\xae\x48\xfc\x41\
\xe7\xd5\x01\x7f\x96\xa0\x52\xe9\xf8\xb4\xe1\x0c\x07\x6c\x95\x86\
\x9d\xc5\x92\x3a\x01\x97\xc3\xc0\x67\xa6\x28\x2a\x38\x11\x8e\x96\
\xe0\x93\xce\xb7\x03\xae\xd4\xc6\xb1\x73\xbc\x67\x12\xc7\x98\x04\
\x54\x2c\x16\x00\xfb\x8d\x34\x0e\x78\x4e\x46\xfd\x8a\xce\x1b\x3c\
\x15\x78\x24\xd4\xf9\x04\x93\x65\x8d\xe1\x04\x27\x93\x3c\x2c\xba\
\x81\xbf\x1a\xf6\x4e\xfa\xd5\x45\xf9\xd6\x4f\x84\xaf\x1b\x65\x70\
\x32\xa9\xa4\x14\xcc\xf5\xb4\xde\x9f\xaa\x13\xe5\x5b\x69\xd8\x3b\
\x89\x1a\x9e\xad\x8d\x0b\x4e\xaf\x8c\x41\xe8\xb2\x1c\x28\xcb\xf4\
\xb2\xaf\x19\x85\x77\xd2\x5d\xb2\x18\xf4\xf4\x14\xc6\x81\x77\x6a\
\xe3\x40\xb8\xdc\x28\x8f\x03\xbe\xaa\x0d\x63\x63\x26\xb0\xc7\x28\
\xf8\x16\xe9\x15\x58\xac\x35\xec\x1d\x70\x83\x36\x0c\x88\x2e\xcf\
\xc0\xd1\xee\xd8\x67\x1b\x5f\x62\x14\xda\x01\x97\x69\x43\x61\xa1\
\xa7\xbf\xbf\x59\xda\x05\x21\xf3\x11\xa3\x5c\x4e\xe6\x37\x44\xcb\
\x83\x46\x81\x77\x03\x33\xb4\xa1\xf0\x7d\xc3\xde\x01\x8b\xb5\x61\
\x80\xf8\xde\x86\x0f\x68\xc3\x58\x38\xc9\xd3\x05\x5a\xa3\x0d\x85\
\x1e\xe0\xdf\x86\xfd\xc3\xda\x30\x60\x6e\x32\xca\x37\xd6\x86\x81\
\xa9\x42\x70\x99\x51\x58\x57\xa7\x15\xbf\xcc\xb0\x75\xc0\x7b\xb4\
\x61\xc0\x9c\x63\x94\xcf\xd5\x69\x10\x07\x8d\x35\x51\x62\x58\x1b\
\xd5\x70\xbb\x61\xff\x4c\x9d\xc6\x62\xa8\x6c\x35\xca\xb9\x56\x1b\
\x85\x4e\x87\xe7\x7b\xe7\x0b\xfc\x54\x3c\x93\x43\xbe\xab\x0d\x23\
\xc0\x0a\x0c\xed\x89\x6d\xa8\x78\xbe\x51\x48\x57\xa7\x1f\x7f\x86\
\x61\xeb\x32\x98\xb7\x57\x44\xde\x6d\x94\xd3\x01\x2f\xd3\x86\xed\
\x20\xaf\x5a\x66\xcd\x88\x75\xc0\xef\xb4\x52\x38\x53\x2b\x04\x9f\
\x7d\xc8\xfc\x56\x2b\x04\xcb\x67\x99\x93\x57\x05\xb0\x56\xea\x6c\
\x93\x2e\xa0\x85\x35\x67\xee\x59\x09\x17\xc7\xc6\x2e\x99\xd5\xa4\
\x59\xa0\x15\xed\x20\xaf\x0a\x30\xa0\x15\x32\x5d\xdb\x87\xb5\x11\
\xc3\x36\xad\x88\x08\xcb\x17\x96\xcf\x32\x27\xaf\x0a\xd0\xaf\x15\
\x0d\x7a\x00\xd6\x84\xc9\x5d\x5a\x11\x11\x5b\xb4\xc2\xe3\xb3\xcc\
\xc9\xab\x02\x58\xbf\xe8\x1d\x5a\x51\x83\xb5\xc6\xef\xbf\x5a\x11\
\x11\x4f\x6a\x85\xc7\x67\x99\x93\x57\x05\xb0\x7e\xd1\x7b\xb4\xa2\
\x06\xeb\x9b\x68\xfd\x4a\x62\xe1\x39\xad\xf0\xf8\x2c\x48\xba\x8c\
\x2e\x8e\x03\x2e\xd0\x86\x35\x9c\xa8\x46\xcb\xda\x31\x6f\xbf\x48\
\x2c\x31\xfc\xe3\xf2\x98\x2b\x98\xc7\x1b\xc0\x77\x8f\xc3\x5a\x51\
\xc3\xd3\xb2\xc9\xc2\x45\x22\x67\x89\x2e\x56\x7c\x3b\x8a\xf8\x26\
\xc6\x06\x45\xb7\x51\xb3\x5d\x9d\x20\x50\x19\xf1\x05\x83\xac\xb6\
\x50\xa6\xf8\x7e\x9d\x59\x72\x48\xc6\xf4\x35\x51\x4f\x7c\x68\x12\
\xcb\x17\x63\x0d\xde\x92\x99\x90\x47\x05\x18\xaf\xd9\x8c\xa9\x96\
\xb4\x73\xc6\xff\xb1\xa6\xc1\x57\x57\x49\xb7\x95\x3c\x2a\x00\x9e\
\x16\x7f\xcc\x8d\xba\x66\xb1\x26\x83\x5a\x3e\xcb\x9c\xbc\x2a\x80\
\xd5\xcf\xcd\x25\xd0\x11\x08\x96\x2f\x2c\x9f\x65\x4e\x5e\x15\x60\
\xbb\x56\x00\x2f\xd5\x8a\x12\x63\x85\x7d\x2d\x9f\x65\x4e\x5e\x15\
\x60\x93\x56\xc8\x60\x47\x14\xdd\x9c\x16\xa9\xc8\xe4\x57\x8d\xe5\
\xb3\xcc\xc9\xab\x02\x3c\xaa\x15\x32\xe7\x2f\xbd\x05\x9e\x1f\xf7\
\xaf\x9e\x5b\x50\x8b\xe5\xb3\xcc\xc9\xab\x02\x6c\xf0\xb4\x68\xcf\
\xd5\x8a\x12\xf2\x46\xad\x10\x5f\x6d\xd0\xca\xd0\xf9\xbb\x11\xe8\
\xb8\x43\x1b\x95\x10\x6b\xe1\x8b\x35\x3c\x1c\x3c\xdf\x32\x0a\xba\
\x3f\x82\x05\x1e\xad\xd0\xed\x59\xf1\x7c\xb3\x36\x8c\x81\xb7\x1b\
\x05\x75\xc0\xf9\xda\xb0\x44\x5c\x60\xf8\xc3\x01\x6f\xd3\x86\x31\
\xd0\xed\xd9\x03\xf0\xe7\xda\xb0\x44\xac\x33\xfc\xb1\x0f\x38\x4a\
\x1b\xc6\xc2\xad\x46\x81\x0f\x7b\x02\x21\xb1\xd3\x2f\x65\xd7\xfe\
\xb8\x55\x1b\xc6\xc4\x9b\x8c\x02\x3b\x59\x32\x5e\x36\xae\x37\xfc\
\xe0\xc4\x47\xd1\x52\x91\x00\x87\x2e\xf4\xbe\x92\x6d\x91\x72\x9c\
\xa7\xf1\xb7\xa9\x0c\xc1\x31\xdf\xbe\x79\x21\xaf\xf7\x6f\x96\x1b\
\x8d\xf2\xbb\x58\xd7\x04\x6a\x66\xc8\x8e\x9d\xba\xf0\xa3\x9e\x98\
\x78\x6c\x0c\x78\x4e\x3f\xd9\x59\x67\x99\x7c\x74\xf8\xf6\xfa\xbb\
\x37\xf2\x57\x60\x45\xca\xa8\xcb\xed\x80\x8f\x6a\xe3\x98\x39\xaa\
\xce\x91\x2b\xcb\xb5\x71\x44\x2c\x37\xca\xeb\xc4\x17\x6d\x9f\xfe\
\x55\x34\xde\x61\x38\xc2\x49\x83\x70\x50\x1b\x47\xc0\xa0\x27\x0e\
\xe2\xc4\x17\xa5\xc4\xb7\x7d\xea\xc6\x26\x8e\x83\x09\x81\x59\x52\
\x26\x5d\x4e\x27\xfb\x26\x94\x96\x13\x3c\xfb\x00\x38\x89\x10\x16\
\x75\xdb\xd7\x66\x98\x26\x65\xd1\xe5\x73\x52\xf6\x13\x74\x82\xb2\
\x71\xbe\x67\x27\x30\x07\x7c\x3b\xf0\x46\x61\xc5\x33\x08\xe6\xa4\
\xcc\x65\x1e\x07\x79\x01\x37\x18\x0e\xaa\xca\xea\x40\x2b\x41\x45\
\xf2\xae\xcb\x53\x95\x32\xc5\x3d\x1a\xd2\x09\xdc\x67\x38\xa9\x2a\
\xdf\xcb\x63\x99\x54\x86\x4c\x03\xbe\x63\x94\xa3\x2a\xf7\x45\xb8\
\xd7\x51\xcb\xf4\xca\x34\x28\xed\xac\xaa\xac\xf3\x2c\xa0\x28\x1a\
\x33\xeb\x7c\xf3\x9d\x34\x06\xad\x75\x00\x09\xa0\xcf\xb3\x6b\x56\
\x55\x7e\xe3\x99\x3f\x57\x14\x66\x4b\x1e\x75\xbe\xab\xb2\x55\xca\
\x98\xa8\xc3\x29\x9e\x7d\x74\xab\xf2\x50\x41\x43\xa6\x33\x80\x5f\
\x1b\xf9\xad\x7d\xf8\xa7\xe8\x44\x09\x9b\xb9\x0d\x3e\x07\xb7\x17\
\xac\x61\x58\xf1\xec\x6b\x58\x95\x47\x81\x97\xe8\x44\x89\xfa\xf4\
\x02\xf7\x1b\xce\xac\xca\x55\x3a\xc1\x14\x72\x95\x91\xbf\xaa\x3c\
\x90\xbe\xf9\x93\x67\xba\x67\xda\x94\x93\x11\x35\xdf\x76\x72\x79\
\x72\xa6\x67\x74\xcf\x49\xde\x4b\x17\xe3\xcf\x9a\x6e\xe0\x57\x86\
\x73\x1d\xf0\x87\x1c\xd7\x36\x58\x74\x48\x1e\x74\xbe\x9c\xb4\x07\
\xa2\x9d\xdb\x97\x37\xc7\xca\x62\x49\xed\x64\x07\x5c\xac\x8d\x73\
\xe4\xfd\x46\x7e\x9c\xe4\xb5\x4c\x33\x9c\x72\xe1\x2d\x9e\x90\xf1\
\xf0\x14\x05\x89\x3a\x3d\xbd\x95\x71\xe0\xcd\xda\x38\x91\x0d\x3f\
\x34\x1c\xee\x80\x0b\xb5\x61\x0e\x5c\x68\xe4\xc3\x49\x1e\x13\x6d\
\xa2\xcf\x73\xe2\xd8\xfd\xda\x30\x07\xac\x1e\xca\x41\xe0\x64\x6d\
\x98\xc8\x96\x5b\x0c\xc7\xe7\x7d\xca\x86\xef\xf4\x93\x5b\xb4\x61\
\x22\x7b\x16\x19\x8e\x77\x0d\x4e\x1a\xcf\x9a\x4b\x8d\xfb\x3b\xc9\
\x5b\xa2\xcd\x54\x3c\x67\xf0\xfe\x58\x1b\xb6\x91\x9f\x18\xf7\xdf\
\x56\xb0\xe8\xe4\x84\x98\xca\x3e\xf4\x64\x71\x32\x9c\xaa\xc9\x65\
\x7f\x7d\xc1\xba\x57\x75\x38\x3b\x28\x42\xac\x00\x00\x7f\xd4\x0a\
\x39\x63\x20\x8f\x31\xf6\x2e\xe0\x34\xad\x04\x1e\xd1\x8a\x10\x08\
\xb5\x02\x3c\xa6\x15\xd2\x2f\xb7\xb6\x5b\xcb\x9a\xb9\x9e\xb8\x83\
\x95\xa7\xc2\x13\x6a\x05\xf0\xed\x1b\xfc\x62\xad\x68\x03\x73\xb4\
\x42\xf0\xe5\xa9\xd0\x84\x5a\x01\xfe\xa3\x15\x42\x1e\xf3\x04\x7c\
\xf7\x08\xf2\x3c\x83\x50\x2b\xc0\x5e\xad\x10\xf2\x38\x69\xeb\xe5\
\x5a\x21\x8c\x68\x45\xa2\xbd\x58\x53\xc7\xb6\x03\xa7\x6a\xc3\x0c\
\x39\x55\xee\xa1\xef\xbb\x55\x1b\x86\x42\x70\xfd\xd6\x1a\x56\x01\
\x57\x6a\x25\x70\x40\xa6\x8d\x59\x1b\x54\xb7\x42\x8f\x6c\x6b\x67\
\x7d\x02\x56\x17\x6c\x82\x4a\x29\xf0\x9d\x2d\x3c\x15\xb2\x4c\x67\
\x2e\x14\x42\x6d\x03\x24\x32\x22\x55\x80\x92\x93\x2a\x40\xc9\x09\
\xb9\x11\xb8\xcc\x18\x00\x1a\x03\x56\x02\xf3\xda\x30\x1f\x6f\x54\
\x8e\xb3\xbb\xd6\x58\xb5\x7c\xb1\x0c\x10\x25\x72\xc4\x6a\x04\x8e\
\x6a\xa3\x36\x60\xcd\x00\x4e\x8d\xc0\x44\x98\xa4\x0a\x50\x72\x52\
\x05\x28\x39\x21\x57\x00\xa7\x15\x53\x48\x91\xf2\xd2\x14\x21\x57\
\x00\xab\xc1\x37\xbd\xcd\x87\x2e\xcf\xf1\x2c\xf5\x3a\xa8\x15\xa1\
\x10\x72\x05\x18\xd6\x0a\x61\x85\x56\x64\xc8\x35\x5a\x21\xa4\xc1\
\xa0\x29\x60\x9a\x6c\xaf\x6a\xed\xb2\xb5\x5e\xe6\xed\xfb\x0e\x65\
\x6e\x96\x4e\xe0\x3c\x60\xb1\xfe\x87\x4c\x04\xe9\x93\x18\x44\x22\
\x67\xae\x33\xfa\xe4\x79\xcb\xe7\x74\xa6\x12\xf9\x31\x0b\xd8\x6c\
\x3c\x94\xbc\x64\x28\x90\x7d\x8b\xa2\x66\xc0\xb3\xfb\x78\xbb\x65\
\x67\x49\x76\x37\x0f\x82\x3e\xe0\x97\xc6\x43\x6a\x97\xdc\x1b\xcb\
\x96\x2f\x21\x37\x02\x2d\xee\x96\xd3\xc9\x6a\x19\x6d\x61\x76\x50\
\x8f\x31\xa8\x74\x4f\x99\x37\x77\x2e\x3a\xd6\x21\x8c\xb7\x69\xa3\
\x26\xb8\xcd\xb8\xde\x5a\x6d\x14\x32\x21\xc7\x01\x12\x19\x10\x5b\
\x05\x38\xac\x15\x2d\x6e\x2c\x69\xa5\x3d\xa4\x15\x21\x13\x5b\x05\
\x78\x52\x2b\xe4\x18\xb6\x79\x5a\x39\x01\xe6\x79\x8e\x70\xb3\xee\
\x11\x2c\xb1\x35\x02\x17\x03\x77\x69\x25\xf0\x04\xf0\x85\x26\xd6\
\xef\x0d\x4a\x80\xc7\xda\xd9\x73\xb1\x34\x36\x13\x05\x64\xba\x3c\
\x6c\xdd\x70\xcb\x4a\x9e\xc8\x69\x05\x72\xa2\x05\x96\x1a\x0f\x2e\
\x2b\x59\xaa\x6f\x96\x28\x26\xab\x8c\x87\xd7\xaa\xac\xd2\x37\x49\
\x14\x97\x0a\x70\xb5\x67\x47\xb1\x66\x65\x54\xae\x15\x5b\x7b\xa9\
\x14\x9c\x0e\x7c\xc3\xb3\xa0\xb3\x91\x6c\x07\xbe\xe9\xd9\x0d\x24\
\x1a\xca\x54\xab\x67\x7b\xfa\xf5\x16\xfb\x45\x12\x89\x44\x22\x91\
\x48\x24\x12\x89\xf8\xf8\x1f\x2c\xea\xe0\x5d\x27\xa7\x78\xf5\x00\
\x00\x00\x00\x49\x45\x4e\x44\xae\x42\x60\x82\
\x00\x00\x2a\x90\
\x89\
\x50\x4e\x47\x0d\x0a\x1a\x0a\x00\x00\x00\x0d\x49\x48\x44\x52\x00\
\x00\x00\x78\x00\x00\x00\x78\x08\x06\x00\x00\x00\x39\x64\x36\xd2\
\x00\x00\x00\x01\x73\x52\x47\x42\x00\xae\xce\x1c\xe9\x00\x00\x00\
\x04\x67\x41\x4d\x41\x00\x00\xb1\x8f\x0b\xfc\x61\x05\x00\x00\x00\
\x09\x70\x48\x59\x73\x00\x00\x0e\xc3\x00\x00\x0e\xc3\x01\xc7\x6f\
\xa8\x64\x00\x00\x2a\x25\x49\x44\x41\x54\x78\x5e\xed\x9d\x77\x74\
\x55\x55\xda\xff\x3f\xfb\x9c\xdb\x6f\x7a\x42\x48\x21\x84\x24\x24\
\xf4\xde\x8b\x80\x58\x10\x10\xec\x1d\x15\xeb\xd8\xc7\xfe\xea\x8c\
\xed\x9d\x71\xd0\x71\x50\xc7\xee\x3b\x8e\x75\x14\x44\x07\x04\xc1\
\x02\x08\x0a\x88\x84\x26\x45\x7a\x0b\x90\x84\x84\x84\xf4\xdc\xdc\
\x76\xce\xd9\xbf\x3f\x6e\x48\x72\x53\x20\x28\x09\x98\x1f\x9f\xb5\
\xee\x5a\x77\x9d\xb3\x4f\xfd\x9e\xdd\x9e\xfd\xec\x67\x0b\x29\xa5\
\xe4\x0c\x6d\x16\xa5\xfe\x86\x33\xb4\x2d\xce\x08\xdc\xc6\x39\x23\
\x70\x1b\xe7\x8c\xc0\x6d\x9c\x33\x02\xb7\x71\xce\x08\xdc\xc6\x39\
\x23\x70\x1b\xe7\x8c\xc0\x6d\x9c\x33\x02\xb7\x71\xce\x08\xdc\xc6\
\x39\x23\x70\x1b\xe7\x8c\xc0\x6d\x1c\xd1\x16\x07\x1b\x0c\x29\xf1\
\xfb\x75\xbc\x3e\x1d\x9f\x5f\xc3\xaf\x4b\xa4\x94\x68\x52\x20\x00\
\x55\x48\x14\x21\x31\xa9\x26\xac\x16\x13\x56\x8b\x8a\xd9\xa4\x20\
\x84\xa8\x7f\xaa\xdf\x3d\x6d\x42\x60\x43\x4a\xdc\x1e\x3f\x79\x85\
\x15\xfc\xbc\x2d\x9f\xbd\xb9\x95\xd8\x2c\x82\x76\xe1\x56\x22\x23\
\xec\xa8\x8a\x09\xb3\x59\xc5\x20\xf0\xa8\x02\x81\xae\xe9\xf8\x75\
\x3f\x47\x8a\xdc\x94\x54\xfa\xa9\xf2\xfa\xe9\x9f\x11\x43\xef\xae\
\x71\x44\x87\x3b\xb0\x5a\xd4\x36\x21\xf8\xef\x5a\x60\x4d\xd3\x59\
\xb6\x2e\x9b\x9f\xb6\x16\xd0\x21\xda\x4a\x4c\x54\x08\x7d\x3a\x47\
\x13\xd7\x2e\x04\x8b\xd9\x14\x94\xd6\x30\x74\x14\xa1\x40\x13\xa2\
\xb9\x3d\x3e\xb2\xf3\x2b\xd8\xb4\xbb\x98\x8a\x8a\x2a\x72\x8a\xdc\
\x8c\x1b\x92\xc4\xe0\xde\x89\x34\x7e\xc4\xef\x83\xdf\x99\xc0\x12\
\x10\xec\x39\x58\xcc\xe2\xcc\x03\xf8\x34\x9d\x21\x3d\xe3\x19\xd8\
\xa3\x3d\x26\x35\x58\xd0\xba\x78\xf6\x65\xe1\xdd\xbc\x91\xb0\xc9\
\x17\x21\x94\xe6\x35\x3b\x7c\x7e\x8d\xcc\x4d\x39\x6c\xd8\x79\x84\
\xb0\x10\x1b\x13\x46\x26\xd3\x3e\x3a\xb4\x7e\xb2\xd3\x9e\xdf\x89\
\xc0\x12\x43\xc2\xba\x2d\xf9\x2c\x5b\x77\x90\x8e\x09\xa1\x5c\x74\
\x76\x67\x6c\x16\x4b\xfd\x84\x8d\x52\xf9\xe2\x4b\xf8\xf3\xf2\x89\
\x78\x7e\x1a\xc2\xd4\xf4\x87\xd0\x14\x65\x95\x2e\xfe\x33\x7f\x27\
\x76\x8b\xc2\x39\x43\x3b\x91\x9c\x18\x81\xa8\xfe\xd8\x4e\x77\x7e\
\x17\x02\xef\xcd\x2e\xe5\xab\xe5\x7b\xe9\x99\x16\xcd\xc8\x01\x49\
\x58\xcc\x6a\xfd\x24\xc7\xc4\x9b\xb5\x9f\xca\x01\x23\x30\x5d\x79\
\x09\x61\xff\x7c\x11\x61\xb3\xd6\x4f\xd2\x0c\x24\x2e\xb7\x9f\x2f\
\x96\xec\xc2\xe5\xf6\x33\x79\x4c\x67\xe2\xdb\x9d\xfe\x39\xfa\xb4\
\x16\xd8\xe5\xf6\x31\x7b\xc9\x2e\x34\x1d\xae\x19\xd7\x05\xbb\xcd\
\x5c\x3f\x49\xb3\x90\x40\xd9\xfd\x0f\x63\x7c\xfc\x29\x96\xd7\xff\
\x81\x7d\xfc\x04\xd4\xf0\xf0\xfa\xc9\x9a\x85\x44\x52\x5a\xe6\xe1\
\xcd\xd9\x9b\xe9\x9b\x16\xcd\xb9\xc3\x3b\x61\xad\x57\xdf\x9f\x4e\
\x9c\x96\x02\x4b\x29\xd9\x97\x53\xca\xac\x6f\xb6\x73\xd5\x84\x6e\
\xa4\x75\x88\xf8\x4d\xc5\xa1\x7b\xf1\x22\xdc\x37\xdf\x03\x3e\x0d\
\xf5\x8f\xb7\x83\x26\x09\x7b\xea\x71\x90\x06\x42\x34\xaf\x4e\xae\
\x8f\x61\x48\xb6\xee\x2d\x60\xfe\xf2\x7d\xdc\x72\x71\x2f\xda\x47\
\x87\xd4\x4f\x72\x5a\x70\xda\x09\xac\xeb\x06\xdf\x65\xee\x27\xa7\
\xb0\x92\x6b\xc6\x75\xc5\x61\x37\xff\x3a\x71\xa5\x44\xcb\xcf\x43\
\x89\x8c\xa2\x74\xe8\x68\x38\x52\x0c\x02\x44\xff\x5e\x10\x1a\x81\
\xed\x89\x47\x30\x39\x43\x30\x27\x25\xd5\x3f\xf2\x84\x28\xad\xf0\
\xf0\xee\xdc\x2d\x9c\x3d\x30\x91\x7e\x5d\xdb\xff\xea\x0f\xa6\xa5\
\x38\xad\xee\x46\xd3\x75\x3e\x9a\xff\x0b\x56\xab\x99\x9b\x26\xf7\
\xc2\x61\xb7\xfc\x3a\x71\x01\x84\xc0\xf3\xd9\x5c\x5c\x73\xe6\x22\
\xf7\x1d\x00\x4d\x47\x8e\x1e\x8e\xb1\x6e\x33\x72\xed\x1a\x7c\x4b\
\x96\x82\xd7\x57\xff\xa8\x13\x26\x22\xd4\xc6\xbd\xd7\xf4\x63\x7b\
\x56\x31\x8b\x7f\xda\xc7\x69\x96\x5f\x4e\x1f\x81\x0d\xc3\xe0\x9f\
\x9f\xac\xa3\x77\x7a\x3b\xc6\x0c\xec\x80\xa2\xfc\x4a\x61\xeb\x62\
\x31\x23\x97\x2c\x0f\x54\xc2\x9a\x8e\xf5\xb2\x4b\x31\x5d\x71\x11\
\x94\x56\xa1\x3d\xff\x0a\xfa\x8e\x1d\xf5\x8f\xf8\x55\x58\x4c\x2a\
\xd7\x4d\xe8\x81\xcb\x2b\x99\xb3\x64\x67\x75\xad\x7f\x7a\x70\x5a\
\x08\x6c\x18\x06\xaf\xcc\xdc\xc8\xe4\x51\x9d\x19\xd0\x23\xe1\xd7\
\xe7\xda\x3a\x48\xc3\x40\x3f\xb0\x0f\xff\x96\xad\x08\xa7\x03\xc2\
\x43\xb1\x0c\x1b\x8c\xed\xb6\x9b\x90\x16\x13\xc2\x30\xa8\x9a\x31\
\xe3\xa4\x4a\x71\xc9\xd8\x74\x42\x6c\x16\xe6\x7c\x77\xfa\x88\x7c\
\x5a\x08\xfc\xc6\xac\x9f\x99\x7c\x56\x0a\x19\x9d\xa2\xea\xef\xfa\
\xd5\x18\x5e\x2f\x5a\x54\x24\x62\xd7\x5e\x50\x15\x94\xc1\xfd\x31\
\xb5\x8b\x45\xcf\xce\x05\x43\x07\x21\x90\x5f\x2d\xc6\xb7\x73\x67\
\xfd\x43\x7f\x13\xe3\x46\xa6\x12\x11\x62\xe3\x8b\x25\x27\xf7\xbc\
\xbf\x96\x53\xde\xc8\x9a\xf9\xf5\x56\x32\x92\x23\x88\x8a\x70\x90\
\x5b\xe0\x6a\x24\xef\x0a\xa2\x23\x6c\x74\x4d\x89\xae\xbf\xe3\x98\
\xb8\xd7\xae\xc3\xc8\x3d\x84\x77\xea\x1d\x60\xb1\x62\x7e\x69\x1a\
\x5b\x7b\x8f\xa0\xf3\x57\x9f\xa2\xbc\xfc\x26\x58\xcc\xa0\xe9\x98\
\x6e\xbb\x8e\xd0\xbf\xfc\xb5\x29\x0b\x66\xa3\x18\x86\x64\xf3\xee\
\x42\x5c\x55\x8d\xd5\xe1\x82\x8c\x4e\x11\xac\xdc\x98\x4b\x88\xdd\
\xc4\xb9\x43\x53\x4e\x4a\x89\xf4\x6b\x39\x65\x02\x4b\x24\xcb\xd7\
\x1d\xa4\xa0\xa4\x8a\x01\xdd\xe2\xb9\xf6\xf1\x25\xb8\xbd\x5a\xd0\
\xab\xd0\x0d\x49\x97\xb4\x30\xde\x7d\x72\x2c\xe1\x21\xb6\x3a\x7b\
\x8e\x4f\xc5\x87\x1f\xa2\x26\x77\xc2\xfb\xda\x5b\xc8\x9f\xd6\xc2\
\x6d\x53\x79\xc2\x32\x8c\x91\x59\x99\x9c\x3f\xff\x5d\x14\x4b\xa0\
\xef\x2a\xbb\x66\x10\xb9\x78\x01\xca\x89\x28\x8c\x64\x6f\x4e\x29\
\x77\x4c\x5b\x46\x7e\x81\x07\xb5\x4e\x7b\x41\x02\x1d\xe3\x9d\xbc\
\xff\xbf\x67\x33\x73\xd1\x2e\x46\xf7\x8b\xa7\x77\x7a\x5c\xd0\xd1\
\xad\xc9\x29\x2b\xa2\x0f\x15\x54\xb0\x79\x77\x11\x17\x0c\x4f\xe5\
\xfe\x7f\x2c\xc7\x53\x4f\x5c\x43\xc2\xe0\x9e\x51\x7c\xf8\xcc\x79\
\x27\x2c\x2e\x80\x29\x21\x11\xf7\x95\x57\x21\x12\xe2\x40\x11\x6c\
\xf9\x22\x93\xf3\x06\x27\x92\x30\xf5\x0a\xb2\x23\x93\x40\x4a\x90\
\x12\x25\xc4\x59\xff\xd0\x66\x20\x48\xeb\x10\xc9\xcc\x69\xe7\xd1\
\x39\xd9\x89\x51\x27\x8f\x08\xe0\xe0\xa1\x4a\x1e\x7b\xed\x27\x6e\
\x9e\xd4\x83\x25\xab\x0e\x50\xe5\x6e\x2c\xa7\xb7\x0e\xa7\x44\xe0\
\x2a\x8f\x9f\x7f\xcf\xdd\xc2\x4d\x17\xf5\xe0\xf9\xf7\xd7\xb1\xff\
\x50\x55\xd0\x7e\x43\x4a\x06\xf5\x8c\xe6\x95\x47\xc7\xe0\xb4\xff\
\x3a\xeb\x95\x65\xd8\x50\x48\xef\x8e\xb6\x7c\x15\x9a\x57\x63\xdb\
\x15\x37\x90\x9a\x1c\x4d\x4c\x42\x14\x99\x97\xdd\x8a\x61\x00\x3e\
\x0d\xeb\x4d\x53\x4e\x30\xf7\xd6\x12\x13\xe1\xe4\xdd\xa7\xcf\xa5\
\x43\xac\x23\x68\xbb\x10\x82\xcc\xcd\xc5\x7c\x30\x7f\x3b\xd7\x4f\
\xee\xc5\x2b\x9f\x6e\x3a\x65\xdd\xa7\x53\x52\x44\xcf\xfe\x6e\x3b\
\x29\x89\x11\x14\x95\x79\xb8\xef\x1f\xab\xb0\xaa\xb5\xb6\x65\x09\
\x74\x49\x0e\xe5\x5f\x4f\x8d\x25\x22\xf4\xc4\x73\x6e\x5d\xdc\xfb\
\xb2\x70\x5d\x7a\x19\xab\x94\x14\x06\x2f\x7c\x9f\x4a\x8f\x4e\x51\
\x59\x25\x16\x8f\x0f\x7d\xf2\xa5\xa4\x5d\x32\x86\xf0\xd7\x5e\x42\
\x28\x27\x66\xdb\xae\x4f\x56\x6e\x29\xd7\x3e\xfe\x1d\x6e\x8f\x1e\
\xb4\xdd\x40\x32\xe3\x6f\x67\x93\x73\xd8\x45\x42\x6c\x08\xbd\x33\
\x62\x83\xf6\xb7\x06\xad\x9e\x83\xf3\x8f\x94\x53\x54\xe6\x23\x2d\
\x29\x92\xa7\xfe\xf5\x73\x90\xb8\x00\x26\x9b\xc2\xf4\x87\x46\x9c\
\xa0\xb8\x8d\x7d\xa3\x12\x7b\x6a\x0a\xe1\x4b\x16\x53\x74\xd3\x6d\
\xc4\xc6\x84\x62\xb3\xa8\xf8\xfd\x3a\xb1\x1d\xdb\x53\xf9\xfc\xf3\
\x84\xbd\x32\xfd\x37\x8b\x0b\x90\x92\x18\xce\x8b\x0f\x0d\xa3\x4a\
\x37\x82\xb6\x2b\x08\xfe\xe7\xf5\xb5\x9c\x33\x34\x99\x2f\xbe\xdf\
\x85\xd7\xa7\x05\xed\x6f\x0d\x5a\x39\x07\x4b\x5e\x9d\xb1\x81\xab\
\xc6\x65\xf0\xe6\xe7\x9b\x99\xfd\xdd\x41\x4c\x75\x1a\x28\x42\x81\
\x57\x1e\x19\xca\xa8\x01\x1d\x8f\xd3\xf2\x94\x35\xfb\x7d\x39\x39\
\xf8\x77\xef\x41\x1e\xcc\x46\xad\xac\x42\xe8\x06\x32\xc4\x86\x11\
\x11\x89\xd2\x21\x11\xe2\xe3\x98\xb1\xae\x84\x5b\x2e\xe9\x4d\xee\
\xe1\x72\xf6\x1f\x2a\x26\xb5\x43\x3b\x76\xad\xdf\xc6\x20\xad\x10\
\xb9\x7d\x37\x46\xd9\x11\x0c\xbb\x1d\xdd\x30\x50\x35\x1d\xa1\x6b\
\x98\xd2\x32\x30\x0d\xea\x8f\xb9\x6b\x17\xa8\x1e\x62\x3c\xd6\x1d\
\x81\xe4\xe5\x4f\xd6\xf3\xfe\xdc\xbd\xd4\xb5\xd1\xf8\x74\xc9\x13\
\xb7\xf6\xa1\x47\x5a\x34\xb9\x05\x15\x4c\x18\x99\x7a\xdc\x33\x9d\
\x4c\x5a\x55\xe0\x1d\xfb\x8f\xb0\x6d\x4f\x21\x3d\x3a\x47\x73\xc3\
\x13\xcb\xf0\xfa\x6a\xbf\x78\x5d\x4a\x2e\x1b\x9b\xcc\x93\x7f\x18\
\x1a\xd4\x2a\xad\x8b\x04\xa4\xdf\x8f\xe7\xa7\x55\xf8\x32\x57\x63\
\x1c\xc8\xc2\x9c\x9a\x86\x32\x64\x10\x6a\x42\x22\xc2\x11\xc8\xf5\
\x8a\x5f\xc7\x5f\x5e\x8a\x3c\x98\x83\xdc\xba\x9d\x19\xed\x87\x73\
\xfb\x0d\x43\xd9\x9f\x5b\x46\x51\x59\x25\x36\x55\xc5\xb5\x60\x11\
\x3d\xc7\xf4\xc4\x92\x9c\x8c\x1a\x15\xe8\x7f\xcb\xea\x22\x4d\xea\
\x1a\x9e\x03\x07\xd0\x57\x66\xe2\xff\xe9\x27\xd4\x2e\x19\xd8\x26\
\x5f\x84\x39\x2d\xf5\x98\xdd\xa9\x2a\x8f\x8f\xeb\x9f\x5a\xc2\xee\
\xac\xf2\x20\x91\x23\xc2\xcc\xcc\x7f\x65\x22\xef\x7e\xb1\x91\x5b\
\x2e\xe9\x4d\xa8\xd3\x5e\xf7\xb0\x16\xa5\x55\x05\x7e\xf3\xd3\x0d\
\x5c\x3d\xbe\x2b\x8f\xbd\xb6\x92\xd5\x9b\x8a\x82\x5e\x56\x64\xa4\
\x85\xf9\x2f\x4f\x20\xc4\xd1\xf8\x58\xad\x94\x06\x9e\xe5\xcb\xf1\
\xce\x9e\x8f\x79\xcc\x59\x58\xc7\x9d\x87\x62\xb7\xa3\x34\xc3\x43\
\xe3\xcb\xef\x77\x30\x76\x48\x0a\xd9\xf9\x15\x28\x0a\x2c\x5c\x99\
\xc5\x9d\x57\xf5\xc7\x6c\x3a\x7e\xf1\xac\x1b\x06\x46\x79\x19\xee\
\x37\xdf\xc2\x30\x5b\x08\xbd\xfd\x36\x94\xf0\xf0\x26\xf3\xe0\xce\
\xfd\x45\x5c\xf7\xe7\xa5\x68\xfe\xda\x8f\xd7\xaf\x1b\xdc\x7e\x79\
\x17\x2e\x18\xd6\x81\x3d\xd9\x65\x4c\x3c\x2b\x3d\xe8\x98\x96\xe4\
\xf8\x6f\xe7\x24\x71\x20\xaf\x14\xab\x45\x90\x5f\xe4\x62\xfd\xb6\
\x92\x20\x71\xbd\xba\xc1\x43\xd7\xf5\x24\xc4\xd1\xb4\x87\x86\xfb\
\xdd\x0f\xf1\xe7\xe4\x11\xfe\xc2\xdf\x70\x5e\x7a\x31\x26\xa7\xb3\
\x59\xe2\x02\x8c\x1e\x9c\xca\x0b\x1f\xac\x66\xd5\xa6\x3c\x16\xac\
\xd8\xc7\xc0\x1e\xf1\xcd\x12\x17\x40\x55\x14\xcc\x11\x91\x84\x3c\
\xfe\x38\x8e\x2b\x2e\xa7\xfc\x81\x07\xd0\xb2\xb3\xeb\x27\xab\x21\
\x23\x39\x92\x49\xa3\x12\xd1\x8c\xda\x7c\x63\x56\x15\xbe\xfc\xfe\
\x00\xf1\x31\xe1\xac\xdf\x5e\x84\xcb\xed\x0d\x3a\xa6\x25\x69\xde\
\x1b\x3a\x09\x64\x6e\xce\xe3\xe2\xb1\x5d\xf8\xf4\xdb\x9d\x41\x5f\
\x37\x40\xf7\x4e\x61\x9c\x3f\xac\xe9\xba\x49\xfa\x7c\x18\xa5\x65\
\x88\xb8\x76\x08\xdb\x89\x34\xbe\x02\x1c\x2e\x2c\xe7\x8b\x1f\xf2\
\x78\xed\xd3\x6d\x7c\x30\x7f\x2f\x1f\x7c\xb9\xa3\x5e\xc3\xec\xf8\
\x85\x98\x22\x04\x96\x4e\x9d\x50\x46\x9d\x85\x56\x50\xd8\xe4\x11\
\x42\x28\xdc\x71\x79\x6f\x62\x22\x82\x3f\xd6\xfc\x62\x0f\x8b\x56\
\xed\xe7\xc2\x31\x69\x6c\xd9\x73\x24\x68\x5f\x4b\xd2\x2a\x02\x1b\
\x86\xc1\x9e\x83\x65\x68\x9a\xce\xd7\xab\xf3\x82\x72\xaf\x47\xd3\
\x99\x32\xa1\xf3\x31\xdd\x70\x5c\x9f\x7c\x0c\xb1\xed\x30\x66\xcd\
\xc5\xf0\x1d\xdf\x68\xe0\xf1\xfa\xf9\xe4\xab\x2d\x94\x57\xba\xd9\
\xb2\xb7\x80\x57\x67\x6c\x41\x48\x81\x94\xa0\xa2\xb0\x73\x7f\x39\
\xb3\x97\xec\xc2\xe5\xf6\xf1\xc3\xda\x83\xe4\x15\x56\x36\x4b\x64\
\xcd\x55\x89\xb1\xf4\x47\xbc\xef\xbc\x8f\x3f\xef\x50\xfd\xdd\x35\
\xc4\x46\x39\x38\x7f\x58\x22\x7a\xdd\x5c\xac\x28\x7c\xb8\x70\x2f\
\x49\xed\x1c\xac\xda\x98\x8b\x94\xc1\x1f\x79\x4b\xd1\x2a\x02\x6f\
\xcf\x2a\x62\x78\x9f\x38\xd6\xef\x2c\xc4\x57\x55\xb7\xaf\x28\x88\
\x0a\xb3\x30\xe1\xac\xd4\x3a\xdb\x82\xd1\xcb\x2b\xf0\x7d\xbb\x08\
\xb9\x63\x37\x62\x58\x7f\xf4\x43\x4d\xbf\xd8\xa3\x64\xfe\x72\x88\
\x67\xdf\xdf\xc2\x75\x4f\x2c\x61\xca\x9f\xbf\x67\xc5\xa6\x7c\x14\
\x51\xfb\xb2\xcb\x2a\xfd\x3c\xf9\xd6\xcf\xdc\xf0\xc4\x12\x1e\x7e\
\x39\x93\x27\xfe\x6f\x0d\x46\x1d\x31\x9a\x42\xdf\xb0\x09\xd3\xb5\
\x97\x63\xb8\xca\xf0\xaf\x5a\x8d\x6c\xe2\xa3\x10\x42\xe1\xc6\x49\
\xdd\x31\x99\x82\x4b\xa4\x9c\xdc\x0a\x5c\x6e\x3f\xe1\x21\x76\x0a\
\x8a\x83\x8d\x3b\x2d\x45\xab\x08\xbc\x65\x4f\x11\x83\x7a\x26\xf0\
\xcd\xf2\x7d\xf5\x0a\x61\xc9\x79\xc3\x93\xb0\x5a\x9a\xb6\x56\xa9\
\x61\x21\x28\xdd\xba\xa3\x87\x3a\x51\xfb\xf4\xa7\x6a\xd6\xe7\xf5\
\x93\x34\x60\x44\xdf\x44\x7a\xa7\x47\x90\x7d\xa8\x92\xa8\x08\x0b\
\xcf\xdd\x3d\x10\xad\x3a\xc3\xe8\x86\xe4\xc2\x51\x09\x5c\x32\x26\
\x91\x1d\x07\x4a\xd1\x0d\xc9\x93\x37\xf5\x6f\xd6\xf8\xb3\x7b\xd1\
\x12\x4c\xed\xe3\x51\x07\x0e\xc5\xbb\xf4\x7b\xa4\xd1\x74\x2e\x6c\
\x1f\xed\xa0\x57\xb7\xe0\xd1\x31\xbf\x5f\xb2\x6c\xdd\x41\x86\xf4\
\x89\x63\xf7\xc1\xd2\xa0\x7d\x2d\x45\x2b\x08\x2c\xc9\x2f\x2c\x47\
\xd3\x74\xbe\xdb\x70\x24\xa8\x78\x76\xf9\x74\x2e\x19\x75\x3c\x97\
\x19\x81\xfd\xfc\xf3\x10\x66\x05\x23\x73\x15\x7a\x6e\x2e\xfe\xa2\
\xa2\xfa\x89\x82\xd8\x9b\x53\xc6\xae\xfd\x65\x84\x45\x58\xf8\x6c\
\xda\xf9\x0c\xeb\x97\x40\x99\x3f\x60\x64\x30\x10\xa4\x76\x88\xe4\
\x2f\x77\x9d\xc5\xd5\x17\xa4\xe2\xf5\x19\x7c\xf4\xcd\xae\xe3\x9a\
\x12\xbd\x39\xd9\x60\x78\xf1\x2d\xfd\x01\xe1\xb4\x63\xbf\x78\xd2\
\x31\x8d\x24\x26\x55\xe5\x9a\xb1\x29\x78\xeb\x18\x3f\x54\x45\x30\
\x6b\x49\x36\x71\xd1\x21\xec\xcb\x2e\x6a\x56\xb5\xf0\x5b\x69\x71\
\x81\xdd\x5e\x0d\xb7\xae\xb0\xeb\x40\x09\xf5\x3b\x40\x1d\x63\x6d\
\xf4\x4c\x3f\xbe\xf9\xce\x32\x7c\x18\xb2\xb0\x18\x3d\xff\x30\xd6\
\xc9\x93\xf1\x65\xae\xae\x9f\xa4\x06\x43\x1a\xbc\x33\x7b\x2b\x7e\
\x5d\xf2\xfc\xdd\x43\x89\x89\x72\x62\x0e\xb2\x96\x49\x6c\x56\x81\
\xaa\x08\x9e\xb8\x75\x30\x1d\xe2\xec\x2c\x5e\x99\x8b\xc7\x17\x6c\
\x66\xac\x8f\xef\x9b\xc5\x58\x2f\xba\x18\x59\x5a\x84\xb6\x7e\x0d\
\xe6\xd1\x63\x9a\x68\x12\xd6\x32\x6a\x60\x12\x56\x53\xed\x2b\x16\
\x40\x69\x99\x17\x8f\x57\x63\x57\x76\x15\xc6\x31\x4a\x80\x93\x45\
\x8b\x0b\xbc\x6d\x6f\x11\xe7\xf4\x6f\xcf\xf6\xac\x12\x64\x9d\x57\
\x22\x25\x0c\xef\x1b\xd7\xe4\x8c\x04\x7f\x69\x09\xee\x79\xf3\x29\
\x9e\x7a\x0b\x9e\x1f\x96\x61\xbb\xfc\x12\x40\xc1\x7f\x70\x3f\xbe\
\x45\xdf\xa1\x35\xd2\xd8\x2a\x29\x77\xb3\x6e\x4b\x3e\x1b\x76\x95\
\x10\x1e\x62\xa6\x5f\xd7\x76\x00\xd8\xad\xc1\xf3\x8c\xc2\x43\x03\
\x86\x06\x81\x60\xe2\x59\x9d\x28\x2a\xf3\xb1\x62\x7d\x36\xfb\x0f\
\x95\x34\x5a\xaf\x6a\x3e\x1f\xfe\xed\xdb\xd0\xb6\x6c\x43\x09\x8f\
\xc4\x76\xc3\xf5\x78\x96\x2e\xa5\xf8\xa6\x5b\xa9\x9a\xfb\x05\x5a\
\x59\x79\xfd\x43\x00\x70\xda\xad\xf4\xef\x1a\x19\xb4\xad\xd2\xe5\
\x27\xaf\xc8\x45\x8f\x94\x50\x72\x0b\x2a\x82\xf6\xb5\x04\x2d\x2e\
\xf0\xd6\xbd\x45\x74\x4b\x8b\x65\xc3\xce\xc3\x01\x55\xab\x91\x48\
\xfa\x75\x0b\x08\x70\x14\xc3\xeb\xc1\xb3\xfe\x67\x4a\x1e\xfa\x1f\
\xca\xfb\x0d\xc2\x7d\xf3\xdd\xf0\xed\x77\xf8\xf6\x1f\xc0\x3a\xb0\
\x7f\xc0\x13\x63\xe3\x16\x4c\x83\x06\xe2\xff\x79\x43\xd0\xb1\x00\
\x3f\x6e\x3c\xc4\xcd\x7f\x59\x4e\x51\xb1\x87\xd8\x30\x2b\x76\x6b\
\xa0\x6e\x57\x55\xb5\xc6\xb2\x64\x48\x89\xb3\xa6\xbf\x2d\x49\x6e\
\x1f\x82\x49\x81\xfb\x5f\x5c\xc3\xdd\xff\x58\x55\xf7\x16\x6b\xd0\
\x96\x2d\x47\x1d\x79\x16\xda\x92\x15\xc8\x3d\x07\x30\x0f\x18\x88\
\xcc\xce\x41\x7e\xb3\x08\xcf\x6d\xf7\x53\xd1\x6f\x00\xa5\x4f\x3e\
\x83\x6f\xeb\x36\xa4\x3f\xf8\xc3\xeb\xd5\x25\x26\xe8\xc3\x36\xa4\
\x64\x47\xd6\x11\xfa\x74\x89\x65\x6f\x76\x65\x50\xda\x96\xa0\xc5\
\x05\xf6\xfa\x34\x1c\x36\x13\x59\x39\x15\x41\xf5\xaf\x0e\x74\x4e\
\x08\x03\x29\xf1\x1f\xca\xa3\xfc\x83\x0f\x28\x1b\x7c\x36\x55\x93\
\xae\xc4\x98\xf9\x5f\x44\x68\x18\xca\x7d\xb7\xe3\x58\x38\x0f\x6b\
\xe7\x14\x3c\xdb\x77\x61\xbf\xfc\x32\x84\xcd\x86\xe1\xf5\xe2\xfb\
\x71\x65\x83\xbc\x36\xb0\x7b\x3b\x5e\xb8\x6f\x20\x21\xa1\x26\x2a\
\x3d\x1a\xbe\xea\x7a\x17\x04\x61\xb6\xc0\xa3\x5a\x54\x95\x10\x5b\
\x6d\xa9\x71\xa8\xb8\x0a\x9f\x6e\xf0\xf0\x94\xae\xfc\xe9\xc6\xde\
\x0d\x86\x0e\x25\xe0\x59\xb3\x0e\xe1\xf6\x20\xba\xa5\x63\xb9\x65\
\x0a\xec\xd9\x89\xc8\xc8\x20\x64\xe1\x3c\xd4\x7b\x6f\x47\x38\x42\
\x30\xde\xfd\x88\xca\xf3\x2f\xa2\x6c\xf4\x78\x2a\x3f\xff\x0c\x7f\
\xfe\x61\xa4\x94\xf4\xec\x14\x89\x5e\xb7\x1e\x16\x82\xcd\x3b\x8b\
\x48\x6c\x1f\x4e\x5e\xd1\xef\x5e\x60\x89\x49\x80\xd7\xa7\x93\x5b\
\xe8\x0f\xda\xe3\x03\x12\xdb\x87\xe0\x5e\xf0\x35\xae\x91\x67\xe3\
\x7f\xf8\x09\x8c\xa2\x42\xc4\x05\x63\xb1\x7f\xf8\x36\xce\xf7\xfe\
\x85\x22\x54\xaa\xa6\xdc\x4c\xd5\x15\x37\xe2\xbe\xfd\x2e\xcc\x5d\
\xd2\x91\x02\xb4\x55\x99\xc8\xbc\xc3\x68\xd9\x39\x41\xe7\x8c\x8f\
\x09\x63\xdc\x88\x14\x7a\xa4\x44\x52\x58\xe2\x63\xfb\xde\xe2\x9a\
\x86\x4c\x78\xf5\xac\x08\x81\xc4\xa4\x06\x44\x34\x24\x2c\x5b\x97\
\x8b\xd3\xa6\x70\xf5\x05\x3d\x18\xd1\xb7\x43\xd0\xf9\x00\x7c\x39\
\xd9\xa8\x2e\x37\xfa\xea\x35\xb0\x6b\x0f\x6a\x6a\x2a\xe5\x57\x5f\
\x8f\xef\xaa\x1b\x71\x4d\xb9\x25\xe0\xad\xf9\xd1\xfb\x58\xdf\x7d\
\x1d\x86\xf5\xc5\x38\x78\x00\xef\x5d\x0f\x52\x3e\xea\x6c\x2a\xbf\
\xfa\x86\x94\xc4\x70\x3c\xf5\x46\x99\x0e\xe4\xbb\x51\x04\x28\xfc\
\xee\xeb\x60\x81\xc7\xeb\xa3\xb2\xca\x87\xcb\x1b\x3c\x54\x66\x35\
\x2b\x44\x84\xd9\x91\x0a\xe8\x89\x89\x58\xfe\xfa\x67\x1c\x5f\xcd\
\x46\x1d\x36\x04\xcf\xdf\x9e\xc7\x75\xe9\x75\x68\xaf\xbf\x0d\x85\
\x25\x88\xb4\x14\x2c\x8f\x3d\x80\xb0\xd9\xb0\xdf\x30\x05\xc5\x66\
\x47\xed\x9c\x86\x67\xfe\x57\x41\xe7\x04\x50\x15\x95\x1b\x26\x66\
\xa0\x1b\x92\x97\x3e\xde\x80\xbf\xba\x7f\xe4\xac\xce\xb5\xaa\x22\
\x70\xda\xcc\x48\x29\x99\xff\xc3\x5e\x36\xee\x2a\x66\x50\xef\x38\
\x6c\xb6\xc6\x5b\xc4\xde\x59\x9f\x61\xf4\xee\x81\xd4\x7c\xd8\xee\
\xbf\x1b\x73\x64\x24\xb6\x27\xfe\x84\xe8\xd4\x11\x0a\x4b\xd1\xdf\
\x7e\x0f\xf7\xa5\xd7\xe0\x7b\xe9\x55\xcc\x57\x5e\x81\xfd\xcb\xcf\
\x30\x3d\xfe\x20\xc4\xc5\x23\x84\x20\x26\xca\x16\x34\x8c\x28\x04\
\xe4\x15\xbb\x31\x0c\x89\xd7\xdb\xf2\x26\xcb\x16\x16\x18\xa4\x22\
\x28\xaf\xf4\xa1\xd5\xb3\xdc\xc4\x87\x59\x50\x15\x05\xfb\xc4\x89\
\xd8\xfe\x31\x0d\x36\x6d\xc3\x75\xf5\x0d\xf8\x1f\x7b\x1a\xb6\xec\
\x46\xea\x7e\x94\x6b\x2f\xc7\x3e\xff\x33\x2c\x4f\x3d\x8e\x31\xef\
\x6b\xaa\x16\x2f\xc2\xdc\xb5\x0b\x22\x34\x04\x6f\xe6\x2a\xb4\x1d\
\x3b\x6b\x26\x75\xd7\x65\x50\xcf\x38\xba\xa7\x46\xb0\x6e\x7b\x31\
\x0f\x4c\x5f\x4e\x85\xcb\x4b\x44\x68\xa0\xde\x55\x55\x81\x22\x04\
\x73\x97\xee\xe1\x7f\xdf\x59\x8f\x45\x55\xf9\xd3\xd4\x3e\x0d\x8a\
\x66\xaa\xf3\xbe\x51\x5a\x8e\xdc\xb6\x13\x45\x31\x61\xea\xd9\x83\
\xaa\xb9\xf3\xd0\x97\xfc\x80\x75\xda\xd3\x38\xbe\x98\x81\x7a\xf3\
\xf5\x18\x9e\x4a\xe4\xc6\x1d\xf8\xef\x7e\x18\xf7\x94\x5b\x51\xb2\
\xf3\xb1\xbf\xf2\x22\xce\x89\xe3\x09\x75\xda\x1a\xb4\xb6\xdd\x7e\
\x89\xa6\xeb\xb8\xaa\x5a\x7e\x7c\xb8\x85\x05\x96\xa8\x8a\x8a\x4f\
\xd3\x51\xeb\xb5\xa0\xe3\xa2\x1c\x48\xa0\xea\x93\x59\x78\x2e\xb8\
\x08\xff\x17\x0b\x10\xc5\xe5\xa8\x67\x8d\xc0\xf2\xca\xdf\x71\x7c\
\x3b\x0f\x35\x3a\x12\xf7\x1f\xee\xc3\x73\xf5\x14\xb4\x05\x8b\xf0\
\xbe\xf6\x06\x02\xb0\x4f\xbd\x1e\xdc\x7e\x0c\xc0\xbb\x70\x71\xd0\
\x15\x01\x56\x6e\xc8\x61\x7b\x56\x09\x76\x9b\xca\xd2\xb5\xf9\x9c\
\x7b\xe7\x3c\xf2\x8e\xb8\x00\xd0\x75\xc9\xbd\x7f\x5f\xc6\x13\x6f\
\xae\x47\x41\x20\x24\xbc\xf1\xd9\x56\x1a\x33\x64\xb9\xbf\x5b\x02\
\xd1\xd1\x68\xeb\xd7\x60\x9d\x72\x35\x0a\x12\xcf\x73\x7f\x47\xfb\
\xf2\x5b\x3c\x97\x4e\xa1\xea\xee\x07\x21\xc4\x86\x7d\xd1\x7c\xac\
\x2f\x3c\x85\x18\xd0\x17\x0a\x8e\xe0\xff\x74\x36\xde\x73\xc6\xe3\
\xfe\x74\x16\xaa\x22\x88\x76\xd6\x7b\xcd\x86\xc4\xe7\x37\xf0\xe9\
\x8d\x5c\xf4\x24\xd3\xc2\x02\x03\x28\x18\xba\xd1\xa0\xfb\x61\x35\
\x07\x24\x57\x53\x3a\xa2\x0e\xed\x8b\xf2\xf0\x3d\x38\xbe\x9d\x83\
\xf9\xca\x8b\xf1\x7d\x3c\x13\xf7\x88\xf3\xf0\xbf\xf5\x3e\x32\x3b\
\x07\x11\x97\x80\xe5\xaa\x49\x38\xde\x78\x0d\x14\x05\x4b\x7a\x3a\
\xe6\x0e\x09\xc8\xd2\x72\xdc\x2b\x56\x34\x30\x52\x0c\xee\x15\xcf\
\x05\xa3\x92\x58\xf8\xc6\x44\x1e\xbf\xa9\x0f\xed\xa3\x9c\x14\x55\
\x04\x72\x8b\x6e\x48\x2a\xdd\x92\x0b\x47\x27\xb1\xe0\xd5\xf1\xdc\
\x78\x49\x67\xae\x38\x37\x39\x68\xfc\x16\xc0\xd0\xfc\xf8\xe6\x7f\
\x8d\x28\x2d\x47\x4d\xea\x84\x75\xd0\x40\x84\xc9\x84\xe3\xa3\xf7\
\x51\x26\x9d\x87\x6c\x17\x85\x3c\x78\x10\xfd\xed\x0f\xf0\x8c\xb8\
\x00\xcf\x9c\x05\x28\x53\xa7\x60\x5d\x38\x07\xf3\x7d\xb7\xc1\xb0\
\xfe\x90\x1c\x70\x99\xad\xd3\xa6\x0b\x50\x7d\xbb\x6a\x75\x5b\xa0\
\x25\x69\x71\x81\x55\x05\x14\x55\x09\x2e\xa6\x44\x60\x1e\x12\x80\
\x65\xe8\x10\xac\x8f\x3c\x8c\xdc\xba\x8d\xaa\xf3\x27\xe2\x7d\xe4\
\x29\x58\xbb\x11\x19\x15\x89\x3a\x78\x00\xe6\xff\x7b\x19\xe7\x5b\
\xaf\xe0\x17\x02\xd7\x80\x91\x94\xdd\x73\x1f\x48\x89\xe3\xe1\x3f\
\x22\x76\x6c\xc7\xd8\xb6\x1b\xbd\xe0\x70\xdd\xb3\x13\xe2\xb0\xf2\
\xf7\xbb\x87\x13\x1d\xe1\xe0\xfa\x0b\xbb\x31\xe7\xc5\x0b\x18\x37\
\x34\x0e\x29\xc1\xee\x50\x98\xf5\xf7\x73\x78\xfe\xde\x61\xc4\xc5\
\x84\xf2\xe0\xb5\x03\x18\xd8\xa3\x43\x83\x91\x2c\xed\xc0\x01\x94\
\x98\xf6\xf8\xbf\xfe\x06\xdb\xf5\xd7\x20\x80\xe2\xab\xaf\xc3\x7d\
\xce\x85\xc8\xb0\x50\x1c\xef\xbe\x8d\xf5\xdd\xd7\x10\xfd\xfb\x42\
\x4c\x14\x22\x73\x3d\xfa\x83\x7f\xc2\x37\xe1\x62\x44\x76\x0e\xf6\
\xff\x79\x14\xfb\xe0\x81\x00\xf8\x9b\xb0\xa1\xb4\x7c\xfe\x6d\x71\
\x81\x05\x9a\xae\x63\x36\xa9\x18\x75\x5e\xa0\x00\x8a\xca\xbc\x80\
\xc4\xfd\xdd\x22\xaa\xae\xba\x09\xf9\xcd\x12\x84\xd9\x0a\x9d\xe2\
\x51\xff\xf2\x38\xf6\x8f\xff\x8d\x3a\x76\x0c\xfe\xbf\xfc\x1d\xd7\
\x35\x37\x23\x67\xcd\x43\x18\x20\xf3\xf2\x00\x30\xc7\xc5\x63\x9a\
\x3c\x01\x71\x38\x1f\xf7\x7f\x66\x34\x78\x5d\x01\xc3\x46\xe0\x67\
\x52\x55\xec\xd5\xd9\xc8\x6c\x32\x63\xb7\x99\x6b\x66\x01\xd6\xa6\
\xab\x83\x34\x70\x7f\x3e\x1b\x3d\x37\x1b\xb5\x6b\xd7\x80\x87\x26\
\x12\x25\xaf\x08\xfc\x5e\xe4\x8c\x2f\x70\x5f\x79\x23\x9e\xa7\x9e\
\x45\x3d\x7b\x24\xd6\x8f\xdf\x41\x7d\xfc\x01\x94\xa4\x76\x18\x42\
\xc5\x37\xfb\x2b\x5c\x97\xdf\x80\xe7\xbb\x25\x80\xa4\xb0\x32\xb8\
\xfd\x61\x08\x30\x99\x04\xa2\x2d\x58\xb2\x40\xe2\xb0\x99\x1a\x7c\
\xad\x59\x45\x1e\xa4\x94\x98\xd3\xd2\x31\x75\xed\x86\x72\xdd\x95\
\x38\x3e\xfd\x10\xcb\xfd\xf7\x22\x3f\x9e\x85\xe7\xea\xa9\xf8\x9e\
\x9b\x8e\xc8\x2b\x04\xbb\x0d\xd1\xbd\x3b\x96\xb7\x5e\xc6\xfe\xd0\
\x83\xf8\x37\x6c\x40\x1a\x06\xce\xfb\xee\x81\xfc\x22\x7c\x3f\xfe\
\x84\x6c\x60\xd9\x92\x48\xcd\x8f\xe1\x72\xa1\x1f\x39\x42\xba\xcd\
\x47\xdf\x28\x3f\x7d\xdb\x49\x4c\x7e\x1f\xba\xa6\x35\xf8\x28\x8e\
\x62\x14\x97\x20\xcb\x5c\xc8\x95\xab\xb1\xdc\x72\x03\xc2\x30\xf0\
\xad\x5d\x8b\xf9\x6f\x4f\x61\xf9\xfb\xb3\x88\xce\xa9\x60\xb5\xa0\
\xe4\x17\xa1\xbd\xf0\x2a\xde\xab\x6e\x44\x7e\xbd\x18\xf5\xb1\x47\
\xb0\xcc\xf8\x00\xf5\xb2\xc9\xa8\x19\xe9\x98\x52\x53\x70\xb9\xbd\
\x0d\x3a\x43\xaa\x49\x60\x31\x99\x08\x71\x98\x9b\xbc\x87\x93\x45\
\x8b\xbb\xec\xbc\x37\xe7\x67\xae\x1a\xdf\x83\x3e\xd7\xcf\x21\xa4\
\x8e\x07\x86\x4b\x4a\xd6\xbf\x7f\x11\xa1\x21\x76\xfc\x7b\x76\xe3\
\x7e\xf5\x4d\xf4\x45\x3f\x40\x69\x09\x88\x40\x97\x45\x3a\xcc\x28\
\x53\xaf\xc5\x36\x72\x34\xfe\xf5\xeb\xd1\x66\xce\x86\xc3\x05\x00\
\x38\xbe\x98\x81\x6d\xd0\x20\x4a\xff\xf2\x1c\xc6\xdb\xff\xc6\xf6\
\xe1\xdb\xd8\xcf\x19\x8b\x5e\x54\x8c\xb6\x6d\x1b\x9e\x15\x3f\x22\
\xb7\xfc\x82\xa2\x4b\x64\xb7\xee\x10\x1b\x8b\x8e\x44\xb8\xdd\x28\
\xd9\x07\xe1\x50\x01\xa2\x6f\x1f\xcc\x7d\x7b\x62\xed\xdd\x07\xda\
\xc7\xa2\x58\xad\x08\xa0\xea\xab\x6f\xf0\x7c\xfa\x39\xe2\x48\x21\
\x11\x0b\xe6\xe2\x5d\xbe\x02\xd7\x55\x53\x11\x36\x2b\x22\x21\x1e\
\xe5\xea\x4b\x31\xf5\xec\x81\xbe\x76\x2d\xfa\xbb\x9f\x20\x5d\x81\
\xa1\x3f\x89\x81\x12\x15\x8d\x32\xe9\x7c\xac\xb7\xde\x84\xb5\x73\
\x3a\x07\x0f\x95\x30\xf6\xae\x6f\x08\xb5\x54\x3f\x13\x90\x92\x18\
\xc2\x7f\x9e\x3d\x97\x05\x3f\xec\xe4\x9a\x89\xbd\x6b\xde\x49\x4b\
\xd0\xe2\x02\xff\x7b\xf6\x46\xa6\x5e\xdc\x8b\xf1\x77\xcd\xa3\xb0\
\xa4\xd6\xd8\xa1\x01\x73\xa7\x9f\x4b\x5a\xc7\x68\x4a\x07\x0e\x47\
\x66\xe7\x81\xa2\x20\x55\x03\x75\xdc\x38\xcc\x13\xc7\xa1\x1b\x1a\
\xc6\x87\x33\xd0\x7f\xd9\x85\xa8\xaa\x04\xb3\x19\x0c\x50\xe2\xdb\
\xe3\x98\xff\x19\x96\xc4\x44\xb4\xe2\x62\xca\x06\x0c\x47\x49\x4d\
\x41\x89\x8e\x42\x97\x3a\x96\x91\xc3\x31\x0f\x1d\x86\xa9\x73\x2a\
\x6a\x74\x14\x92\x40\x00\xb4\xa3\x48\x40\xfa\xbc\xe8\xf9\x87\xd1\
\xb7\x6c\xc5\xf3\xe3\x2a\xd8\xb2\x05\x75\xec\x39\x58\x27\x8d\xc7\
\xf5\xd7\x67\x61\xc3\x46\x2c\x2f\x4d\xc7\x79\xce\xd9\xf8\x0e\x1e\
\xc4\x35\x7a\x02\xd2\xe3\x01\x45\x80\x6e\x40\x88\x13\xb5\x6b\x67\
\xd4\x5b\x6e\x44\x18\x12\xef\x9c\x79\xc8\xef\xbf\x47\x60\x06\x4d\
\x43\x26\xb7\x27\x7a\xed\x6a\x96\xaf\xcf\xe6\xce\x69\x2b\x31\x57\
\x37\xa8\x74\x29\x19\x33\x20\x96\x69\xf7\x8d\x64\xde\xf7\xbb\x98\
\x32\xb1\x67\x9d\x3b\x3b\xf9\xa8\xcf\x3c\xf3\xcc\x33\xf5\x37\x9e\
\x4c\x32\xb7\x16\x30\xb0\x47\x1c\x3f\xae\xcf\x21\xb7\xc0\x53\x63\
\xae\x14\xc0\xa0\x1e\xb1\xa4\x25\x45\xe0\xcb\xcd\x41\x6a\x1a\xb6\
\xbb\x6f\xc3\x74\xe7\xad\xc8\xbc\xc3\xf8\x3e\xfc\x04\xe3\xe3\x59\
\x50\x50\x84\xd0\x35\x70\x7b\x10\x63\xce\xc2\x7c\xe3\x35\x28\xe3\
\xcf\x41\x4d\xee\x88\x1a\x12\x8a\x6a\xb7\xe3\x33\x34\x14\xb3\x19\
\xeb\xbd\x77\x10\x7a\xcf\x5d\x98\x87\x0d\xc3\xd4\x21\x11\xc5\xe1\
\x20\x30\xa4\x10\x8c\x00\x84\x6a\x42\x0d\x0f\x47\x4d\x4f\xc7\x76\
\xce\xd9\x58\x26\x4e\x40\x2f\x2f\xc5\xf3\xea\x9b\xb0\x26\x13\x92\
\x52\x08\xf9\xd3\x23\xa0\xa8\x68\x95\x95\x18\x9d\x53\x51\x07\xf4\
\x46\x56\xb9\x61\xdf\x7e\x40\x20\x0f\x17\xa2\xcd\xf9\x12\xfd\x97\
\x6d\x98\x06\x0f\xc6\xf4\xe8\x7d\x98\x92\x3b\xa1\x95\x97\xa0\x5e\
\x70\x3e\xb6\x51\xa3\x58\x9c\x99\xcd\xba\xad\x85\x35\xcf\x6d\x48\
\x98\x30\x22\x81\xd4\x0e\x11\x1c\x29\xf5\xd3\xb5\x53\xf0\x60\xc4\
\xc9\xa6\xc5\x73\xf0\xb7\x2b\xf7\xd1\xa5\x53\x24\x0b\x7e\xcc\xe2\
\xdf\xff\xdd\x5d\xf3\xa0\x12\x98\x32\x31\x95\x47\x6e\x1c\x84\xf4\
\xfb\xa9\x9c\x39\x03\xdf\x07\x9f\x22\x36\x6c\x06\x87\xbd\x36\x60\
\x59\xbb\x68\x64\x97\xce\xa8\xed\x22\x31\xf6\x1f\x42\xfe\x98\x89\
\x40\x41\x1a\x1e\xe8\xd5\x0b\xcb\xd8\x91\x58\x2e\xbb\x1c\xb5\x47\
\x0f\x4c\x26\xa5\x61\x83\xe9\x04\x91\x80\x67\xc7\x4e\xf4\x1d\x3b\
\x61\xf3\x46\xbc\xdf\x2e\x85\x2d\x3b\x10\xaa\x09\xa9\x80\x18\x3e\
\x14\x91\x92\x80\x71\xf8\x08\xec\xde\x87\x28\xa8\x1e\x9b\xd6\x0d\
\xa4\xd7\x85\x18\x33\x06\xeb\xf5\x57\x62\x9f\x34\x19\xc5\x64\xe2\
\xfe\xe9\x3f\xf0\xc3\x9a\xda\x56\xbe\x81\xe0\x8d\xc7\x87\xa3\xfb\
\xfd\xc4\x44\x3a\x9b\x35\x5c\xfa\x5b\x68\x71\x81\xf3\x0a\xcb\xf9\
\x76\x65\x16\x9d\x3b\xc6\x70\xcf\x73\x3f\x06\x0d\x38\xa4\x26\x3a\
\x98\xf3\xf2\x85\x54\x7d\xfe\x05\x9e\x3b\xfe\x08\xf6\x60\x87\x3a\
\xe9\xb4\x23\xcd\xa6\x40\xeb\xd5\xac\x42\x13\x9e\x90\xd2\xe5\x42\
\x0c\xe8\x87\xe5\xbe\x3b\x70\x8e\x1f\x8f\xf8\x95\x51\x6f\x0c\x8f\
\x07\xef\x17\x5f\xe2\x7e\xf3\x1d\xc4\xd6\x6d\x48\x47\xf0\x9c\xa3\
\x1a\x24\xe0\xd7\x30\xda\x47\x21\x3c\x3e\x84\xdb\x13\xbc\x5f\xd3\
\x71\xfc\xe7\x1d\xd4\xb3\x47\x33\xf6\xd6\xb9\x54\xd4\x71\x53\xb2\
\x58\x14\xfe\xfb\x8f\x71\xbc\x3f\x7f\x2b\x8f\xde\x38\xb0\x66\xc4\
\xab\xa5\x68\xf1\x56\x74\x7c\xbb\x50\x72\x8f\xb8\xe9\x92\x1c\x81\
\xbf\x5e\xe6\xda\x98\x55\xce\xc1\xbc\x32\xd4\x2e\xe9\xc8\xf4\x8e\
\x48\x9b\x15\x6a\x46\x80\x40\xb8\xdc\x28\xa5\x15\x60\xb7\x34\x29\
\x2e\x80\x70\x3a\x61\xc7\x2e\xfc\xb7\xdc\x45\xc9\x95\x57\xe3\xcb\
\xce\x3e\xe1\xb6\xa9\x7f\xff\x7e\x4a\xce\x3d\x1f\xf7\xfd\x8f\x42\
\xd6\xfe\xa6\xc5\xa5\xba\x90\xb0\x98\x50\x4a\xca\x83\xc5\xf5\xf9\
\xc0\x6e\x47\xe9\xd2\x09\x35\xb9\x23\x1b\xb7\xe7\x93\x5b\x12\x6c\
\x6f\xb6\x3a\x2d\x84\x3a\x4d\x84\xda\x54\xec\xd6\x5f\xf7\x21\x9e\
\x08\x2d\x2e\x30\x08\x12\xa3\x6d\x44\x84\xd9\x48\x4f\xb4\x06\xbd\
\xf8\x10\x93\x89\x05\x3f\xee\xc7\xda\xbb\x17\x51\xcb\x96\x12\xfe\
\xd3\x52\xcc\x4f\x3f\x86\x9a\x1c\x1f\x98\xc7\x52\x47\xec\xe6\x20\
\xad\x36\x58\xbd\x11\xd7\xe5\x53\xd0\x8b\x8f\xed\xd6\x53\x17\xfd\
\x48\x11\x15\x93\xaf\x40\xec\xcb\x0d\x34\xe4\x9a\x8b\x94\xe0\xf3\
\x03\x0a\xa2\x53\x47\xac\x2f\x3e\x47\xd8\xea\x1f\x08\x5b\xf4\x0d\
\x6a\xe7\x34\x66\x2e\xc9\x22\xac\x8e\x88\x86\x84\x89\x83\xe3\xa8\
\xf2\xe8\x74\x4f\x8b\xf9\xcd\xd5\x49\x73\x68\x05\x81\x21\x35\x29\
\x9a\xac\xdc\x12\xae\x1e\xd7\x25\x68\x40\x5d\x51\x60\xc1\xb2\x03\
\xe8\x86\x8e\xb0\x5a\x31\xc5\xc6\x12\x7a\xd7\x1f\x08\x5d\xb2\x88\
\xd0\xa5\x0b\x30\x3f\xfe\x00\xa4\x74\x04\x8b\x15\xb4\xe0\xe1\xc6\
\x26\x51\x04\xf2\xe0\x41\xaa\xe6\xcd\x6d\x56\x2e\x96\x80\xf7\xb3\
\xff\xc2\x91\x92\xc0\x0d\x1d\x0f\x09\x52\xf3\x23\x2d\x56\x48\x4d\
\xc6\xf4\xc4\x43\x84\xae\xf8\x96\xb0\x25\x5f\xe3\xbc\xfe\x5a\x4c\
\x51\x51\x28\x56\x2b\xe5\x2e\x1f\x6b\x36\xe5\x07\x1d\x2a\x14\xb8\
\x70\x74\x2a\xbf\xec\x2a\xa0\x73\xd2\xaf\x0b\xc4\x76\xa2\x34\xe3\
\x89\x7e\x3b\x7d\xba\xc4\xb0\x60\xf9\x01\x86\xf6\x8a\x43\xad\xe7\
\x4a\x9a\x75\xc8\xc5\xba\xad\xc1\x2f\x42\xb1\xd9\x30\xa7\xa7\x13\
\x7a\xff\x7d\x84\x2f\xfe\x0a\xfb\xc2\xb9\x58\xa6\x3d\x8d\x48\x4a\
\x40\xaa\x26\x30\x8c\xc0\xaf\x29\x24\xc8\x9c\xe0\x73\x36\x85\x00\
\xb4\x3d\xfb\x8e\x9d\x99\x8e\x5e\xcf\x64\x42\x49\x4f\xc5\xf2\xfc\
\x33\x84\x2e\x9e\x47\xf8\xe2\x05\x84\xdd\x77\x2f\xe6\x94\x14\x54\
\x6b\xb0\xc7\xd9\x57\xcb\xf7\x52\x56\x11\x6c\xa3\xec\xd0\xde\x49\
\xc7\xb8\x50\xd6\x6c\xcb\xa3\x63\x7c\x1b\x12\x38\x22\xd4\x46\x98\
\xc3\x44\xbb\x48\x27\x03\xbb\x45\x06\xe5\x62\xab\x49\xe5\xdd\x79\
\x3b\x9b\x74\x40\x53\x6d\x36\xec\xe9\x9d\x09\xb9\xf9\x26\xc2\x57\
\x7c\x87\x73\xfe\x67\x98\x9e\x78\x04\xd9\xbb\x47\xc0\x2d\xa4\x51\
\x04\x46\x59\xd9\x31\x35\xab\x8b\xe1\x39\x86\x8f\xb2\x0e\xb2\x6f\
\x2f\xcc\xcf\x3e\x49\xc8\xc2\xb9\x84\x2f\xfd\x9a\xd0\xa9\x53\xb1\
\xa4\xa5\xa1\xda\x1a\x9f\x44\x56\xe1\xf2\xf0\xc9\x37\xfb\x82\x26\
\xd1\x69\xba\x64\xc2\xb0\x78\x8e\x94\x7a\xe9\xd7\x25\xb6\x41\xb8\
\xe3\x96\xa2\x55\x04\x06\x41\xef\x8c\x58\x76\x66\x1d\xe1\x86\x0b\
\xbb\x36\xc8\x2d\x99\x9b\x0a\xd9\x91\x75\x7c\x37\x52\xf7\x8a\x95\
\x54\xdd\xf9\x00\xfe\xb7\xdf\x43\x31\x04\x72\xc4\x40\x64\x97\x94\
\xfa\xc9\x00\x10\xcd\x8c\x44\x0b\x20\x4c\xf5\xfd\x3d\x01\x21\x30\
\xd2\x93\x91\x43\xfb\xa2\xf8\x74\x7c\x2f\xbf\x4e\xe5\xed\xf7\xe2\
\xd9\xb0\xb9\x7e\xca\x20\x24\xb0\xf0\xa7\xfd\x1c\xcc\x0f\x0c\x4f\
\x1e\xc5\x64\x91\x5c\x31\xae\x0b\xab\x7f\xc9\x61\x60\xf7\xc4\xa0\
\x7d\x2d\x49\x2b\x09\x0c\x03\x7a\xc4\x32\x7f\xc5\x7e\xfa\x76\x89\
\xa5\x63\x42\x70\x5c\x47\x45\xc0\x53\xef\xac\xc5\xaf\x35\x99\x25\
\xd1\x2a\x2b\x71\xdf\x76\x07\xec\x3f\x80\x28\x2e\x41\x6e\xdb\x86\
\xc8\x5c\x87\xd8\xb6\xb7\x7e\x52\x00\x94\xf0\xc8\xe3\x7c\x2e\x75\
\x08\x69\xa4\xc5\x2c\x25\xca\x8e\x2c\x44\xe6\xcf\xc8\x1d\x3b\x10\
\x25\x65\xb0\x67\x1f\xde\xbb\xef\x43\x6f\x60\xf7\xae\xa5\xb8\xb4\
\x8a\xe9\x33\xb6\x05\xcd\x7b\x96\x12\xce\x1a\x10\x8f\x22\x04\xb9\
\x87\xab\x88\x6b\xd7\xc8\xf5\x5a\x88\x56\x13\xd8\xa4\xaa\x8c\x1e\
\x90\x48\xce\xe1\x72\x1e\xbb\xb1\x4f\x83\x97\xbf\x63\x4f\x39\xb3\
\xbf\xdb\xdd\x64\x2e\x96\xf9\xf9\x28\xe5\x9e\x06\xb9\x1f\xb5\xf1\
\x47\x50\xc2\xc3\x1a\x24\x6d\x0c\x09\xa8\x91\x11\xf5\x37\x07\x50\
\x95\xe0\xf3\x0b\x81\x51\x5c\x81\x51\x56\x56\x37\x55\x0d\x86\x21\
\xf9\xe7\xc7\x9b\x70\x55\x06\x7f\x00\x8a\x09\x1e\x9d\xd2\x97\xcc\
\xcd\x87\xb8\xe2\xfc\xf4\x46\x6c\x6b\x2d\x47\xe3\x6f\xa7\x85\x18\
\xde\x27\x91\xcf\x17\xef\xa5\x4f\x97\x18\xfa\x77\x0f\xae\x8b\x4d\
\x8a\xe0\xe5\x19\x5b\xc8\xca\x2d\x6d\x54\x64\x23\x27\xaf\xf9\x5d\
\x18\x21\x10\x1d\x92\x1a\x39\x4b\xe3\xa8\x89\x1d\x9a\x0c\xf5\xdf\
\x00\xbf\x06\x95\xc1\xc5\xef\x51\x96\xac\xd9\xcf\x82\x15\x07\x51\
\xeb\x9c\x4b\x37\xe0\xe2\xb1\xc9\x84\xd8\xcd\x6c\xdb\x57\x4a\x52\
\x2b\x35\xae\x8e\xd2\xaa\x02\x5b\x2d\x26\xc6\x8f\xec\xc8\x9a\xad\
\xf9\x3c\x79\xeb\x60\x64\xbd\x76\x86\xc7\x63\x70\xcf\xf4\x1f\x71\
\x55\x35\xec\x12\x19\x05\x79\xd0\xdc\x19\x79\xaa\x8a\xb9\x7d\x4c\
\xb3\xf2\x89\x00\x44\x52\x02\x35\x93\x97\x8e\x83\xf4\x7b\x90\xe5\
\x0d\x1d\xdd\x0f\xe6\x95\xf1\xe0\xab\xeb\x90\x32\xf8\xaa\x36\x87\
\xca\x43\xd7\xf5\x63\xce\xf7\xfb\xb8\xf5\xd2\x1e\x8d\xfa\x7e\xb5\
\x24\xad\x2a\x30\x40\xff\xae\xed\x59\xbd\xa5\x80\x10\xa7\x99\xbb\
\x2f\xeb\x16\x34\x51\x5a\x00\x07\x73\x5c\x4c\x7b\x77\x4d\x1d\x9f\
\xe6\x00\x7a\x76\x4e\xa3\x39\xbb\x71\x24\xa2\x7d\xb0\x53\xfd\xb1\
\x50\x3a\xc4\x83\xf7\x18\x2d\xe9\xba\xf8\x7d\xf8\x4b\x4b\x82\x36\
\x95\x57\x7a\x78\xf0\xc5\x15\x28\x9a\x1e\x74\x8f\x86\x84\xa7\x6f\
\xe9\x4b\x7e\x91\x0b\x8b\x2a\x88\x0c\x3b\xf1\xb9\xcd\xbf\x95\x56\
\x17\x58\x55\x55\xa6\x5e\xd8\x8d\xb9\x4b\x76\x71\xe3\xa4\x6e\x0c\
\xe8\x1e\xdc\x18\x52\x85\xe0\xcb\xe5\xb9\xbc\xf0\x9f\x9f\xd1\xea\
\xe4\x2a\xbd\xb0\xb8\xd9\x96\x1f\xc3\x22\x50\xc2\x9b\x3f\x4a\xa3\
\xb6\x8b\x45\x11\xcd\xb7\x9a\xe9\x39\x07\x6b\xfe\x7b\x7d\x1a\x8f\
\xbd\xba\x92\x5d\x07\x2a\x83\xea\x56\x5d\x4a\xc6\x0d\x4f\xe0\xbc\
\x61\x9d\x98\xbb\x64\x37\x57\x8e\xeb\x7a\x4a\x62\x49\xb7\xfe\x15\
\x81\xf8\x76\x21\xc4\xb7\x0f\xe1\x87\xf5\x39\x4c\xbb\x67\x18\x56\
\x6b\xf0\x6d\xa8\x02\x66\x7c\x9d\xc5\xeb\xb3\x36\xd7\xcc\x0a\x30\
\xf6\x67\x37\xbb\x9e\x54\x12\xe2\x51\xc2\x9b\xbf\x9e\x82\x12\x12\
\x8a\xde\x31\xad\x59\x05\x84\x40\x41\x1c\x09\x4c\xfd\xf4\x6b\x3a\
\x4f\xbe\xb1\x92\x65\x3f\x17\x36\x28\x7a\x3b\xb4\x77\xf0\xc4\xad\
\x03\x99\xb9\x70\x27\x13\x47\xa5\x61\xad\x0e\x9d\xd8\xda\x9c\x12\
\x81\x41\x30\x61\x78\x1a\xdb\xf7\x16\x60\xe8\x92\x69\xf7\x0c\xc2\
\x5d\xcf\xfb\xdf\xa2\xc0\x3b\x73\x76\xf2\xec\x7b\x6b\x91\x48\xe4\
\xde\xac\xa0\xfd\x4d\xa2\x1b\x88\x21\x83\x4e\xa8\xa5\x2a\x00\x7a\
\x75\x0f\x9a\x3b\xd5\x24\x8a\x8a\xbe\x73\x37\x3e\xbf\xce\xc3\x2f\
\xad\xe0\xeb\x95\x87\x30\xd7\x73\xc9\x34\x5b\x14\xa6\xdf\x3f\x94\
\xec\xfc\x72\x4c\xe8\x74\x4b\x8d\x09\xda\xdf\x9a\x9c\x22\x81\x41\
\x55\x15\xee\xbd\x76\x20\xef\xcc\xdb\xca\x88\x3e\x09\x3c\x3e\xb5\
\x57\x83\x76\x8e\x59\x85\x4f\xbf\xdd\xc7\x1f\x5f\xf8\x01\xdf\x6d\
\x37\x21\xad\xd6\x63\x9b\x28\x01\x0c\x0d\x73\xf7\x1e\xcd\xc9\x8c\
\x35\x48\xc0\xd2\xbd\xcb\xf1\xeb\x78\x43\x22\xa2\x42\x39\xdc\x7b\
\x20\xd7\xff\x79\x21\x4b\xd6\xe4\x61\xaa\x67\xbf\xd6\x15\x78\xe5\
\xe1\x61\x44\x86\xdb\x58\xb8\xea\x00\x53\x26\xf5\x0a\xda\xdf\xda\
\x9c\x32\x81\xa9\xee\x1b\x3f\x70\x6d\x3f\x9e\x7d\x77\x0d\xd7\x5e\
\xd0\x85\x5b\x2f\xcd\x68\x30\x03\xc2\xaa\x2a\x2c\x5b\x5b\xc0\x35\
\x1b\x22\xd8\xf7\xd1\x67\x28\xe7\x8f\x02\x4d\x3f\x46\x6e\x53\x30\
\x65\xa4\x9f\x40\xfe\x0d\xe4\x60\x53\x8f\x5e\x4d\x57\x01\x52\x22\
\x75\x1d\x2e\xb9\x80\x1f\x9f\x7f\x8f\x6b\x7e\xb4\xb3\x23\xab\xa2\
\x81\xb8\xaa\x49\xe1\xd5\x07\x87\x90\x9e\x1c\xc9\x9b\xb3\xb7\x72\
\xf7\x55\xfd\x9b\xdd\x6e\x68\x29\x5a\x7c\xc0\xbf\x39\x1c\xcc\x2b\
\xe1\xbf\x8b\x76\x73\xcf\xb5\xfd\xf9\x68\xc1\x56\xa6\x7f\xb2\x0d\
\x5b\x23\x23\x3b\xba\x30\xb8\xf6\xfc\x54\xa6\x24\x56\x12\xf2\xf2\
\x3f\x91\xeb\x37\x83\xad\x9e\x49\xd2\x66\x27\xec\xbb\xf9\x98\x3a\
\x25\x07\x6f\x3f\x0e\xbe\x2d\x5b\xa9\x1c\x3b\x09\xaa\x9d\xe3\x6a\
\x77\xf8\x30\x8f\x18\x40\xde\xbd\x0f\xf3\x6a\xa6\x87\x15\x1b\x6a\
\xdd\x6f\xea\xa2\xa9\xf0\xc6\xc3\x43\xe9\x96\x12\xcd\xbf\x66\x6f\
\xe1\x9e\xab\xfb\x10\x51\x3d\x0f\xf9\x54\x72\x5a\x08\x0c\x92\x03\
\x87\x4a\x99\xf9\xed\x2e\xee\xba\xaa\x0f\x8b\x33\x0f\xf0\xdc\xfb\
\x9b\xd1\xea\x44\xc2\x3b\x8a\x2e\x25\x0e\x87\xca\x7d\x97\xa4\x33\
\x46\xe6\xe2\x7c\xf5\x35\xf4\x1d\xbb\x02\x75\xae\xaa\x40\x58\x18\
\xe1\xab\x96\x9e\xf0\xba\x48\xfe\xa2\x23\x94\xf7\xec\x8f\x50\xad\
\x81\x05\x3c\x2c\x66\xd4\x1e\x9d\xa9\x7a\xf0\x7f\xf8\x6f\xbe\x9d\
\x77\xbe\xde\x87\xa2\x35\xcc\xe4\x12\x08\x71\x9a\x78\xe3\xb1\x11\
\xc4\x44\x3a\xf8\x70\xfe\x36\xee\xbe\xb2\xef\x09\xc6\xda\x6c\x39\
\x4e\x13\x81\x01\x24\x39\xf9\xe5\xbc\x3d\x77\x2b\x77\x5f\xde\x9b\
\x43\x85\x15\x3c\xfa\xca\x6a\x0e\x1f\xf1\x04\xd9\x75\x8f\x62\x48\
\x70\x84\x28\x5c\x3f\x36\x89\xf1\xed\xfc\x44\xcc\xfc\x0f\xfc\xb8\
\x0a\xd1\x2d\x8d\x88\x79\xb3\x11\xf5\x82\x9c\x1e\x0f\x69\xe8\x94\
\x0c\x3f\x1b\x2a\xaa\x90\x93\xc6\x73\x78\xdc\xc5\x7c\xb5\xd7\xc7\
\xec\x15\xb9\xb8\x5c\x5a\xa3\xe1\x15\xfd\x86\xa4\x73\x52\x08\x6f\
\x3c\x36\x8a\x4a\xb7\x8f\x4f\x17\xef\xe6\xa1\x6b\xfb\x13\xea\x6c\
\x64\xf0\xe2\x14\x71\x1a\x09\x1c\xa0\xa8\xac\x8a\x77\xe6\x6c\xe5\
\xe2\x31\x29\xc4\x44\x3a\xf8\xeb\xbf\xd7\xb2\x6c\x6d\x7e\x93\xed\
\x1f\xcd\x30\x70\xda\x4d\x64\x24\x87\x71\x55\xbf\x30\xfa\x24\x85\
\x10\xdd\xbb\x2b\x36\x8b\xa9\x59\x91\x73\x20\x10\xae\xd0\xed\xf1\
\x93\x9d\xb9\x89\x95\xd9\x5e\xbe\xd8\x58\xce\xe1\x02\x17\x3e\x9f\
\x6c\x30\x67\x89\xa3\x4d\x31\x01\x97\x9e\x93\xcc\xfd\xd7\xf4\xe1\
\x97\x3d\xc5\x6c\xdd\x73\x84\x1b\x27\xf7\xc0\xd6\x0a\x6e\x38\x27\
\xc2\x69\x27\x30\x80\xd7\xaf\xf1\xe5\xd2\x3d\x48\x01\x93\x46\xa5\
\xb1\x64\xf5\x01\xa6\xbd\xbb\x89\x4a\xb7\x1e\x14\xef\xaa\x2e\x12\
\xf0\x69\x06\x61\x0e\x95\xf6\xed\x1c\xa4\x24\x84\xd2\x39\xd1\x49\
\xf7\xb4\x28\xe2\xdb\x85\xe2\xb4\x99\x31\x55\x0f\x1c\x78\x7c\x3a\
\x1e\x9f\x9f\xec\xbc\x72\x76\x1d\x28\x63\xeb\xfe\x72\xb2\xf3\x2b\
\x38\x54\xe8\xc6\xe7\x97\x58\x8e\x31\x29\x4c\x97\x92\xb8\x76\x36\
\x9e\xbe\xad\x3f\x03\xbb\xc7\xf3\xe1\x82\xed\x24\xc5\x3a\x19\x3f\
\x32\xe5\x94\x18\x32\x8e\xc7\x69\x29\x30\x04\x96\xb7\x5b\xb3\x35\
\x8f\xc5\xab\xf6\xf3\x87\xcb\x7b\xa1\xeb\xf0\xd2\xcc\x4d\x7c\xbd\
\x3c\x1b\x53\x63\xf3\x89\xea\x21\x03\x11\xfb\xf1\x19\x12\x30\xb0\
\xa8\x4a\x60\xfd\xe0\xea\x1c\x7b\x34\x9a\xa2\x45\x11\x08\xd1\xb0\
\x6e\xad\x8f\x94\x60\x32\xc3\xad\x97\x75\x63\xca\x05\x19\xe4\x15\
\xba\xf8\xfc\xbb\x5d\x5c\x76\x4e\x06\x5d\x53\xa2\x8e\x7b\x3f\xa7\
\x8a\xd3\x56\xe0\xa3\xb8\xbd\x7e\x3e\x9e\xbf\x05\x9b\xd5\xca\x15\
\xe7\x77\xe6\x60\x7e\x39\xff\x9a\xb3\x9d\x6f\x56\xe5\x22\x8c\xc0\
\x28\x54\x4b\xa2\x19\x12\xc5\x0c\xd7\x8e\x4b\xe3\xe6\xc9\x5d\x51\
\x84\xc2\xa7\x0b\xb7\x13\x13\x6e\xe7\xb2\xf3\xba\x36\x3b\xa8\xe9\
\xa9\xe2\xb4\x17\x38\x80\xa4\xb0\xd8\xc5\x5b\xb3\x37\xd3\xbd\x53\
\x34\xe7\x0e\xe9\x88\x21\x25\x9f\x2d\xda\xcd\xc2\x55\x39\xec\xcd\
\xa9\x0c\x4c\x69\x39\x49\x25\xa4\xcf\xd0\xb1\xaa\x2a\x19\x9d\xc2\
\x98\x34\x2a\x99\x4b\xcf\xe9\x4c\x59\x85\x97\x6f\x57\xee\xa7\xd8\
\xe5\xe3\xf6\x8b\x7b\x12\xea\xfc\x0d\xcb\xee\xb5\x22\xbf\x13\x81\
\x03\x18\xd2\xe0\x50\x41\x05\x9f\x2d\xda\x49\x44\xa8\x8d\x81\x3d\
\xe2\xe8\x92\x1c\x15\x70\xae\xff\xe9\x20\x8b\x7f\x3e\x4c\xc1\xe1\
\x4a\xf2\x4b\x7c\xa8\x42\x62\x56\x14\x14\x21\xaa\xa7\x88\xd6\x7d\
\xcc\x80\x30\x52\x4a\x74\x29\x31\xa4\x81\x2e\x05\x1d\x63\xed\xb4\
\x8f\x0b\x65\xc2\xe0\x38\xce\x1d\xda\x91\x50\xa7\x8d\x2d\xbb\x8b\
\x58\xbf\x2d\x17\x55\xb5\x70\xd5\xb8\x74\xc2\x7e\xc5\x0a\x30\xa7\
\x92\xdf\x95\xc0\x47\x91\x52\x52\x59\xe5\xe7\xe7\x6d\x79\x2c\x5a\
\x93\xcd\xc8\x5e\x71\x74\x4c\x08\x27\x21\xd6\x89\xd9\xa4\x72\xa4\
\xd4\xcd\xbe\xec\x52\x36\xec\x2c\xe0\xd0\x11\x0f\x45\x25\x3e\xdc\
\x7e\x1d\x4f\xf5\x10\xa4\xc3\x62\xc6\x6e\x51\x88\x89\xb0\x91\x9a\
\x10\x42\xcf\x8c\x68\xd2\x93\xa3\x70\xda\x4c\x54\xb9\xfd\xe4\x16\
\x54\xb1\x23\xeb\x30\x1b\xf7\x94\x70\xd9\xd9\xa9\xf4\x4a\x8f\xc3\
\x6e\x53\x7f\x17\x39\xb6\x3e\xbf\x4b\x81\x6b\x91\xe8\x86\xa4\xac\
\xdc\x4b\x56\x6e\x29\x6b\xb6\x1c\xe2\x48\x99\x9f\x2e\x1d\x43\x49\
\x68\x1f\x46\x44\xb8\x93\x50\x9b\x09\x8b\x59\x60\x36\xa9\xc8\xea\
\x90\x64\x52\x0a\x7c\x7e\x0d\x9f\x06\x15\x55\x5e\x4a\xca\xaa\x38\
\x70\xa8\x84\xbd\xb9\x6e\x32\x92\x42\xe8\xd7\x2d\x8e\x84\xd8\x50\
\xc2\x9c\xd6\x66\x77\xb5\x4e\x57\x7e\xe7\x02\x37\xc4\xaf\xe9\x94\
\x56\x78\x28\xad\xf0\x53\x56\xe9\xa1\xbc\xd2\x8d\xe6\xd7\xa9\xac\
\xf2\xe2\xf5\x48\x10\xe0\x74\x98\xb1\x5a\x14\x6c\x36\x0b\x61\xa1\
\x76\xc2\x1c\x16\xa2\xc2\xad\x84\x85\x58\x51\x4f\x56\x45\x7e\x9a\
\xd0\xe6\x04\x0e\x46\xfe\x2e\x8b\xd5\x93\x49\xdb\xfa\x5c\x1b\xf0\
\xff\xb7\xb8\xb4\x7d\x81\xcf\x70\x46\xe0\x36\xce\xef\x40\xe0\x36\
\xdc\x44\x68\x05\x5a\xbc\x91\x55\x54\x5a\x55\xe3\x65\x63\x31\x2b\
\x84\x57\x8f\x93\xfa\xfc\x1a\x65\x15\xb5\x33\x00\x42\x9d\x66\x6c\
\xf5\x66\xbb\x57\xb8\xbc\xe4\x1e\xae\xa0\xb8\xc2\x4b\xa8\xc3\x42\
\xfb\x68\x07\xed\x22\x1d\x41\xc1\xbd\x8b\xcb\xdc\xe8\xf5\x42\x02\
\x86\x87\x5a\x6a\x26\x77\x69\x9a\x4e\x69\xb9\x37\xd8\x73\x53\x11\
\x44\x86\xdb\xd0\x74\x83\xd2\xf2\xda\x09\xda\x4e\x87\x19\x47\x75\
\x54\x5a\x97\xdb\x47\x95\x3b\xd0\x6f\xb6\x5a\x54\xcc\x26\x85\xca\
\x46\xfc\xb5\xeb\x63\x52\x05\x11\x61\x36\x7c\x7e\x9d\xf2\x7a\x33\
\x1c\xea\xa3\x28\x10\x1d\xd1\xb2\xd3\x58\x5a\x58\x60\xc9\xb8\x7b\
\xe7\x51\x5c\x1a\x78\x31\x7d\x32\xa2\x78\xfb\x4f\x67\x63\x52\x15\
\x56\xff\x92\xc3\x6d\xcf\xfd\x84\x55\x15\x78\x75\xc9\xcb\x7f\x1c\
\xc8\x39\x43\x02\xab\xaf\xf8\xfc\x3a\xb3\xbf\xdb\xc5\x5b\xff\xdd\
\x41\x95\xdb\x8f\xa6\x49\x14\x45\xa0\x9a\x05\x13\x87\x27\xf0\xe0\
\x0d\x03\x09\xab\x1e\x73\xbd\xfc\xd1\xaf\x38\x90\x57\xeb\xd3\xac\
\x49\xc9\x33\xb7\xf5\xe3\xa2\xd1\x81\xd5\xc5\x32\x37\xe5\x70\xfb\
\x0b\x3f\x61\xad\xd3\x9f\xb5\xd9\x2d\x7c\xff\xd6\x44\xf6\x1e\x28\
\xe5\xb2\x3f\x2f\xc1\x6e\x52\xf0\x19\x92\x67\x6f\xeb\xcb\xa4\x31\
\x19\x00\x7c\xfa\xed\x56\xa6\x7d\xb4\x05\xab\xaa\x30\x62\x60\x02\
\xfd\xd3\xa3\x78\x75\xe6\x96\xe3\x36\xdb\xda\xc5\x3a\x99\xf7\xfc\
\x38\x56\xff\x92\xc7\x9d\xd3\x57\x62\x6b\x62\x6a\x0d\x40\x7c\x94\
\x8d\x79\xaf\x5c\x78\x42\x0e\x82\x27\x4a\xd3\x57\x3f\x49\xe8\x5e\
\x1d\xbf\xd7\xc0\xef\x95\xf8\xeb\xae\x55\xa8\x1b\xf8\x3c\x81\x7d\
\x3e\x8f\x86\xbf\x3a\xde\x9f\x61\x18\xfc\xf3\x93\xf5\x4c\x7b\x6f\
\x33\xe5\x15\x3e\xfc\xfe\x40\x57\x47\xd3\x0d\xfc\x5e\x83\xd9\x4b\
\xb2\xf9\xf3\xab\xab\x6a\x1c\xe3\xfd\x1e\xaa\xcf\x1f\xf8\xe9\x5e\
\xc9\x86\xad\x81\x58\x5a\x00\xcb\x36\x15\xa0\xf8\x83\xd3\x54\x78\
\xb5\x9a\x73\x56\xb9\xb5\xc0\x76\x8f\x1e\xe4\xe6\x65\x68\x7a\xcd\
\xfd\xb9\x3c\x1a\xba\x2e\xf1\xb8\x0d\x3c\x1e\x1d\x6f\xf5\xf6\xa3\
\x3f\x9f\x27\xb0\xdd\xe3\x31\x28\xad\xf4\x83\x00\x4d\xab\x7d\xbe\
\xda\x34\x47\xd3\xe9\x78\xdc\x06\x6e\x8f\x16\x14\x0d\xbe\x25\x68\
\x71\x81\x6b\x69\xde\x83\xec\x3a\x58\xca\x8c\x85\xfb\x39\x3a\x24\
\x1b\x1f\x6b\xe5\xb5\xc7\x46\x72\xf9\x79\x81\xc0\x9e\xaa\x22\x58\
\xbe\xa1\x80\xb5\xdb\x82\xe3\x53\x1e\x45\x11\xb0\x7c\x4b\x11\xba\
\x1e\x98\x65\xb0\x65\xe7\xe1\x63\xd6\xe3\xa6\x26\x5e\x41\xed\x11\
\x81\xfd\x29\xf1\x21\x8c\x1b\x1a\xc7\xb8\x21\xf1\x9c\xd5\x37\x38\
\x32\x4e\x62\xac\x95\x71\x43\xe2\x19\x37\x24\x8e\x71\xfd\x6a\x67\
\x54\x1c\x7d\x62\x43\x42\xaf\xce\xa1\x81\xfd\x43\xe2\x03\xbf\xa1\
\x71\x8c\xec\xdb\x0e\xe5\x18\xf7\x76\x32\x68\xfc\xe9\x4e\x21\x33\
\xbe\xda\x89\xa1\x05\x1e\xda\xa3\xe9\x3c\x78\x5d\x1f\xce\xea\x9f\
\xc0\x83\x53\xfa\x62\xab\x8e\x37\x69\x48\x83\x65\xeb\x83\xd7\x0f\
\x34\x9b\x04\x16\x73\xe0\x71\x4a\x2b\xbc\x1c\x29\x71\xa3\x69\x3a\
\xeb\x77\x95\x01\xb2\x3a\xc4\x52\xf3\xa9\xff\x39\x8e\x1e\x90\xc4\
\x8b\x0f\x8f\x62\xfa\xc3\xa3\x78\xfc\xb6\xc1\xd4\x8e\xed\x0b\x86\
\xf5\x49\x60\x7a\xf5\xbe\xa7\xef\x18\xd6\x60\x08\xd1\xa7\x1b\xdc\
\x7c\x71\xb7\x9a\x34\x35\x69\xef\x1c\x11\x94\xae\x25\x38\xb1\xa7\
\xfe\x4d\x04\x8a\x5a\x81\x6c\x32\x47\xb9\xbd\x7e\x7e\xd8\x78\xb8\
\xc6\x4d\xc6\x27\x25\xc3\xfa\xc4\x43\x75\x04\xd9\x11\xbd\xa3\x48\
\x49\x74\x90\xda\xc1\x8e\xcf\x13\xdc\xe0\x09\x75\x98\xe8\x92\x1c\
\x12\x38\xb3\xdf\x20\xbb\xa0\x92\x4d\x3b\xf3\x41\x87\xd8\x48\x2b\
\x31\xe1\xcd\x9f\x10\xde\x34\xa2\xfa\x19\x82\x09\x14\xb3\x75\x7f\
\x4d\x51\x3f\xdd\xf1\xd2\xff\x76\x5a\x55\xe0\x9c\xc3\x2e\x9e\x7c\
\x73\x35\x7f\x7e\x6d\x15\xef\xcd\xdb\x8e\xa5\x5e\x03\xa4\xa2\xd2\
\x4b\x95\xbb\x56\xb8\x28\x87\x19\x6b\x1d\x37\xd6\xe9\x0f\x8d\x66\
\xce\x4b\x93\x98\xfb\xd2\x64\x9e\xbe\x73\x64\xcd\x76\x00\x93\x49\
\x61\x68\xef\x38\x0c\x29\xf1\xeb\x92\x9d\x07\x4a\xf8\x69\xf3\x11\
\x4c\x2a\x74\x4a\x8e\x6c\xd6\xd2\x75\x2d\x85\xaa\xc0\x37\x99\xd9\
\xbc\x3e\xfb\x17\x5e\x9f\xfd\x0b\x6f\xcf\xd9\x42\x85\xab\xe5\xc3\
\xf9\xd3\xba\x02\x43\x51\xa9\x87\xaf\x56\x64\xb3\x60\x45\x36\x6b\
\xb7\x96\x36\x70\x68\x73\x7b\x74\xfc\xd5\x71\xa4\x41\x10\x6a\x33\
\x61\xaa\x33\x27\x58\x88\xa3\xee\x35\x47\xc7\x78\x6b\xd1\x75\x83\
\x5e\x19\x31\x81\xf1\x5f\x04\x1b\xb7\x17\xf0\xf3\xae\x23\x18\x06\
\x0c\xef\x1e\x13\x34\x8b\xb1\xb5\x31\x2b\x0a\x8b\x56\x1e\xe2\x9d\
\x59\xdb\x79\x67\xd6\x76\xfe\x35\x7b\x07\x65\x95\x6d\x50\x60\x21\
\xc0\x62\x12\x98\x54\x81\xa5\x91\x3a\x51\x28\x81\xa0\x2c\x47\x31\
\xa4\x3c\xa1\x46\x48\x42\x8c\x13\xc5\x2c\x50\x04\x64\xfe\x72\x84\
\x3d\x59\xa5\xf8\xa4\x64\x44\xbf\xb8\xfa\x49\x5b\x9d\xa3\x81\xfa\
\x4c\x2a\xd8\x2d\x4a\x83\x0f\xb4\xa5\x68\xf8\x96\x5b\x0c\x85\x6e\
\x29\x11\xcc\x7d\x79\x02\x0b\x5e\x9b\xc8\x33\x77\xf4\xc3\x5b\xdd\
\x98\x3a\x8a\xd3\x66\x0e\xf2\x7e\xab\xf2\xe8\xf8\xea\x84\x4b\x2f\
\x2c\xad\x62\xe7\xfe\x12\xb2\xf3\xcb\x29\x29\x6f\x38\x9f\x37\x26\
\xc2\x8e\xa9\xda\x6d\xb5\xc2\xa5\x51\x51\xa5\x93\x14\x63\x23\xb5\
\x43\xf0\x22\x91\xad\x8d\x57\x93\x3c\x7e\x73\x5f\x16\xbc\x36\x91\
\x05\xaf\x4d\x64\xce\xf4\x0b\x88\x8b\x76\xd6\x4f\xd6\x22\xb4\xa2\
\xc0\x60\x36\x2b\xb4\x8f\x71\x10\x1f\xe3\x24\x32\xcc\xd2\x60\x1d\
\x07\xa7\xc3\x4c\xa4\xb3\x76\x55\xb2\x72\xb7\x86\xd7\x57\x3b\x6f\
\x77\xe6\x37\x3b\xb8\xe2\x91\x85\x5c\xf1\xc8\x22\x9e\x7d\x67\x6d\
\xcd\xf6\xa3\x58\xcc\x2a\x63\x7a\x46\x05\x2d\xb0\xd1\x25\x25\x1c\
\xa5\x09\x63\x43\xe0\x5b\xaa\x4d\x5c\xf7\x7e\x34\x3d\x50\xb4\x06\
\xc2\x87\xfe\x36\x24\x92\xc8\x30\x2b\xf1\x31\x4e\xe2\x63\x9c\xb4\
\x8f\x76\xa0\x36\x71\x4f\x27\x9b\xd6\xb9\x4a\x33\xb1\x59\x4d\x0c\
\xee\x1e\x53\xb3\xb0\xb2\xaa\x08\x32\x37\x07\xfa\xb1\xba\x61\xb0\
\x71\x47\x21\x02\x81\xcb\xa3\x91\x5c\x2f\x52\x4f\x00\xc1\xc8\x01\
\x49\x68\xd5\xb6\x51\x43\x42\xbf\x8c\xa6\x43\x39\x84\x86\x58\xf0\
\x1e\xbd\x96\x10\x6c\xdb\x5b\x8a\x94\xa0\x1b\x3a\xdb\x0f\x94\xd4\
\x84\xfb\x8f\x70\x58\x7e\x53\x91\x2a\x08\x2c\x0e\x56\xe5\xf1\x05\
\xfd\xdc\x1e\x5f\x93\x3d\x8a\x93\xc5\x69\x25\x30\x08\xa6\x4c\xee\
\x8a\xd9\x12\xb8\x2d\x8b\xaa\xf0\xb7\xf7\x7e\xe6\xcd\x59\x9b\x78\
\xf2\x8d\x9f\xc8\xdc\x56\x82\x10\xa0\x28\x0a\xa3\xfa\x35\xbe\x2c\
\x6d\xb7\x4e\x91\x38\xab\x17\xb9\xaa\xf0\xfb\x19\xde\xa7\xe9\xfa\
\xb7\x43\x5c\x04\x89\x31\x01\x93\xa7\xaa\x08\x66\x7f\x7f\x90\xe9\
\x1f\xad\xe7\x85\xf7\xd7\xb3\x28\x33\xd0\x5d\xab\xf4\x69\x5c\x30\
\xa4\xe9\x73\x34\x07\x8b\x49\xe1\xb9\xf7\x36\x71\xd1\xfd\x5f\x07\
\xfd\xae\x7f\xe2\xdb\x93\x50\x3e\x1c\x9b\x56\x14\xb8\xe1\x44\xb2\
\xc6\xc8\x48\x8e\xe4\xce\x2b\xba\xe1\xab\xce\x85\xa5\x65\x3e\xde\
\xfa\x7c\x07\x5f\x2d\xcf\xc5\x22\x04\x3e\xdd\xe0\xfa\x09\x69\xf4\
\xce\x68\x3c\x06\x47\x6c\x94\x1d\xbb\x3d\xd0\xf2\x8e\x74\x9a\xe9\
\xd6\xb9\xe9\x78\xcc\x02\xc9\x1f\xaf\xe9\x8d\xbb\x7a\x62\xb2\xe6\
\x37\xf8\xcf\x82\x3d\xcc\xfc\x36\x0b\x5d\x93\xf8\x75\x83\x51\xbd\
\x63\x39\x7b\x50\xa7\xfa\x87\x36\x8b\xa3\x55\x85\x00\xca\x5d\x1a\
\x85\xc5\xde\xa0\x5f\x85\xab\xf9\x61\x23\x7e\x2d\x2d\x2e\x70\x5a\
\x52\x18\x69\xc9\x21\xa4\x74\x0c\x21\xb1\xbd\xb3\xe6\x7b\x75\xda\
\x2d\x64\xa4\x84\x92\x96\x1c\x42\x46\x4a\x58\xb5\x9f\x31\x08\x04\
\xb7\x5e\xdc\x83\x7f\xff\x79\x04\xbd\xba\x44\x11\xea\x34\x23\x65\
\xa0\xe5\x9d\x9e\x12\xca\x73\xf7\x0c\xe0\x81\x29\xfd\x6a\x9c\xe1\
\x52\x93\x42\x48\x4b\x0e\x21\xa9\x43\x08\x8a\x22\x08\x75\x5a\x18\
\xd6\xbb\x3d\x9d\x3a\x86\x70\xd5\xf9\x29\x35\x0f\x98\xd6\x31\x70\
\x1f\x69\xc9\x21\xf4\x48\x0a\xad\x31\xbc\x5c\x75\x5e\x06\xaf\x3e\
\x3c\x98\x2e\x29\x61\x58\x2d\x0a\x9a\x21\xb1\x98\x15\x3a\x26\x38\
\x98\x7a\x49\x06\x6f\x3e\x31\xba\x41\xf1\x6c\x36\x29\xa4\xd7\x39\
\x5f\x64\x94\xad\x41\x51\xeb\x74\x98\xe8\x9a\x5a\x9b\xa6\xb1\x5f\
\x6a\x62\xf8\x09\xf5\x12\x7e\x0d\x2d\x3c\x9a\x14\x58\x88\xea\xa8\
\x15\x5f\x08\x51\x23\x8c\x94\x32\xc8\xf8\xa0\x28\x0d\xfb\xb6\x86\
\x11\x58\x02\x4e\x4a\x89\x10\x06\xaa\x6a\x6e\xe0\x14\x57\x73\x7e\
\x11\xb0\x53\x1f\x3d\x2e\x70\x4c\xed\xf5\xea\xde\x07\x82\x86\xe7\
\xd1\x0d\x74\xc3\x8f\x94\x4a\x4d\x35\x60\x3a\xc6\x0c\xc5\xba\x2b\
\x8a\xd6\xbd\xce\x51\xea\x3f\x5f\xa3\xd4\xb9\xe7\x96\xa2\xc5\x05\
\x3e\xc3\xa9\xa5\xc5\x8b\xe8\x33\x9c\x5a\xce\x08\xdc\xc6\x39\x23\
\x70\x1b\xe7\x8c\xc0\x6d\x9c\x33\x02\xb7\x71\xce\x08\xdc\xc6\x39\
\x23\x70\x1b\xe7\x8c\xc0\x6d\x9c\x33\x02\xb7\x71\xce\x08\xdc\xc6\
\x39\x23\x70\x1b\xe7\x8c\xc0\x6d\x9c\xff\x07\xd6\x36\x7a\x2b\xc0\
\xd7\x61\x51\x00\x00\x00\x00\x49\x45\x4e\x44\xae\x42\x60\x82\
"

qt_resource_name = b"\
\x00\x09\
\x0c\x78\x54\x88\
\x00\x6e\
\x00\x65\x00\x77\x00\x50\x00\x72\x00\x65\x00\x66\x00\x69\x00\x78\
\x00\x05\
\x00\x50\x37\xd5\
\x00\x49\
\x00\x6d\x00\x61\x00\x67\x00\x65\
\x00\x0d\
\x03\x53\x5a\x87\
\x00\x64\
\x00\x6f\x00\x6f\x00\x72\x00\x5f\x00\x6c\x00\x6f\x00\x63\x00\x6b\x00\x2e\x00\x70\x00\x6e\x00\x67\
\x00\x0d\
\x03\xeb\xa2\xc7\
\x00\x6c\
\x00\x69\x00\x67\x00\x68\x00\x74\x00\x5f\x00\x6f\x00\x6e\x00\x31\x00\x2e\x00\x70\x00\x6e\x00\x67\
\x00\x0d\
\x03\xee\xa2\xc7\
\x00\x6c\
\x00\x69\x00\x67\x00\x68\x00\x74\x00\x5f\x00\x6f\x00\x6e\x00\x32\x00\x2e\x00\x70\x00\x6e\x00\x67\
\x00\x0b\
\x05\x10\x5f\x87\
\x00\x66\
\x00\x61\x00\x6e\x00\x5f\x00\x6f\x00\x66\x00\x66\x00\x2e\x00\x70\x00\x6e\x00\x67\
\x00\x0e\
\x05\x34\x8b\x27\
\x00\x64\
\x00\x6f\x00\x6f\x00\x72\x00\x5f\x00\x6c\x00\x6f\x00\x63\x00\x6b\x00\x31\x00\x2e\x00\x70\x00\x6e\x00\x67\
\x00\x08\
\x05\xe2\x59\x27\
\x00\x6c\
\x00\x6f\x00\x67\x00\x6f\x00\x2e\x00\x70\x00\x6e\x00\x67\
\x00\x0a\
\x06\x6c\xc7\xc7\
\x00\x66\
\x00\x61\x00\x6e\x00\x5f\x00\x6f\x00\x6e\x00\x2e\x00\x70\x00\x6e\x00\x67\
\x00\x0f\
\x08\x93\x70\xa7\
\x00\x64\
\x00\x6f\x00\x6f\x00\x72\x00\x5f\x00\x75\x00\x6e\x00\x6c\x00\x6f\x00\x63\x00\x6b\x00\x2e\x00\x70\x00\x6e\x00\x67\
\x00\x0c\
\x08\xf1\x07\x87\
\x00\x62\
\x00\x75\x00\x6c\x00\x62\x00\x5f\x00\x6f\x00\x66\x00\x66\x00\x2e\x00\x70\x00\x6e\x00\x67\
\x00\x09\
\x0e\x25\xb1\xe7\
\x00\x6c\
\x00\x6f\x00\x67\x00\x6f\x00\x32\x00\x2e\x00\x70\x00\x6e\x00\x67\
"

qt_resource_struct_v1 = b"\
\x00\x00\x00\x00\x00\x02\x00\x00\x00\x01\x00\x00\x00\x01\
\x00\x00\x00\x00\x00\x02\x00\x00\x00\x01\x00\x00\x00\x02\
\x00\x00\x00\x18\x00\x02\x00\x00\x00\x0a\x00\x00\x00\x03\
\x00\x00\x00\x28\x00\x00\x00\x00\x00\x01\x00\x00\x00\x00\
\x00\x00\x00\x48\x00\x00\x00\x00\x00\x01\x00\x00\x03\x41\
\x00\x00\x00\x68\x00\x00\x00\x00\x00\x01\x00\x00\x17\xac\
\x00\x00\x00\x88\x00\x00\x00\x00\x00\x01\x00\x00\x2d\x16\
\x00\x00\x00\xa4\x00\x00\x00\x00\x00\x01\x00\x00\x37\x51\
\x00\x00\x00\xc6\x00\x00\x00\x00\x00\x01\x00\x00\x47\xa2\
\x00\x00\x00\xdc\x00\x00\x00\x00\x00\x01\x00\x00\x66\x4b\
\x00\x00\x00\xf6\x00\x00\x00\x00\x00\x01\x00\x00\x76\xcd\
\x00\x00\x01\x1a\x00\x00\x00\x00\x00\x01\x00\x00\x7c\x78\
\x00\x00\x01\x38\x00\x00\x00\x00\x00\x01\x00\x00\x87\x48\
"

qt_resource_struct_v2 = b"\
\x00\x00\x00\x00\x00\x02\x00\x00\x00\x01\x00\x00\x00\x01\
\x00\x00\x00\x00\x00\x00\x00\x00\
\x00\x00\x00\x00\x00\x02\x00\x00\x00\x01\x00\x00\x00\x02\
\x00\x00\x00\x00\x00\x00\x00\x00\
\x00\x00\x00\x18\x00\x02\x00\x00\x00\x0a\x00\x00\x00\x03\
\x00\x00\x00\x00\x00\x00\x00\x00\
\x00\x00\x00\x28\x00\x00\x00\x00\x00\x01\x00\x00\x00\x00\
\x00\x00\x01\x9b\x20\x25\x55\x9a\
\x00\x00\x00\x48\x00\x00\x00\x00\x00\x01\x00\x00\x03\x41\
\x00\x00\x01\x9b\x20\x28\x8b\xee\
\x00\x00\x00\x68\x00\x00\x00\x00\x00\x01\x00\x00\x17\xac\
\x00\x00\x01\x9b\x20\x28\xb5\x63\
\x00\x00\x00\x88\x00\x00\x00\x00\x00\x01\x00\x00\x2d\x16\
\x00\x00\x01\x9b\x20\x28\x1c\x37\
\x00\x00\x00\xa4\x00\x00\x00\x00\x00\x01\x00\x00\x37\x51\
\x00\x00\x01\x9b\x20\x26\x52\x42\
\x00\x00\x00\xc6\x00\x00\x00\x00\x00\x01\x00\x00\x47\xa2\
\x00\x00\x01\x9b\x0a\xfd\x0a\x07\
\x00\x00\x00\xdc\x00\x00\x00\x00\x00\x01\x00\x00\x66\x4b\
\x00\x00\x01\x9b\x20\x28\x47\x50\
\x00\x00\x00\xf6\x00\x00\x00\x00\x00\x01\x00\x00\x76\xcd\
\x00\x00\x01\x9b\x20\x27\xe4\xa4\
\x00\x00\x01\x1a\x00\x00\x00\x00\x00\x01\x00\x00\x7c\x78\
\x00\x00\x01\x9b\x20\x21\x70\x23\
\x00\x00\x01\x38\x00\x00\x00\x00\x00\x01\x00\x00\x87\x48\
\x00\x00\x01\x9b\x0b\x03\xae\x5e\
"

qt_version = [int(v) for v in QtCore.qVersion().split('.')]
if qt_version < [5, 8, 0]:
    rcc_version = 1
    qt_resource_struct = qt_resource_struct_v1
else:
    rcc_version = 2
    qt_resource_struct = qt_resource_struct_v2

def qInitResources():
    QtCore.qRegisterResourceData(rcc_version, qt_resource_struct, qt_resource_name, qt_resource_data)

def qCleanupResources():
    QtCore.qUnregisterResourceData(rcc_version, qt_resource_struct, qt_resource_name, qt_resource_data)

qInitResources()
